nombre,provincia,slug,codigoINE,poblacion1900,poblacion2024,poblacion2014,variacion1900,perdidaAbsoluta,perdidaPorcentual,varUltimosAnios,porcentajeMayores,porcentajeMenores,densidad
Beranuy,huesca,beranuy,22246,651,69,0,-89.40092165898618,582,89.40092165898618,0,53.6,4.3,0
Alacón,teruel,alacon,44006,931,208,0,-77.65843179377015,723,77.65843179377015,0,52.9,4.3,0
Vivel del Río Martín,teruel,vivel-del-rio-martin,44267,946,63,0,-93.34038054968288,883,93.34038054968288,0,52.4,3.2,0
Torralba de los Frailes,zaragoza,torralba-de-los-frailes,50256,530,68,0,-87.16981132075472,462,87.16981132075472,0,51.5,4.4,0
Blesa,teruel,blesa,44043,1325,76,0,-94.26415094339623,1249,94.26415094339623,0,51.3,0,0
Langa del Castillo,zaragoza,langa-del-castillo,50134,599,110,0,-81.63606010016694,489,81.63606010016694,0,50.9,4.5,0
Torrecilla del Rebollar,teruel,torrecilla-del-rebollar,44222,891,117,0,-86.86868686868688,774,86.86868686868688,0,50.4,2.6,0
Visiedo,teruel,visiedo,44266,656,131,0,-80.03048780487805,525,80.03048780487805,0,50.4,9.9,0
Huesa del Común,teruel,huesa-del-comun,44125,1284,57,0,-95.56074766355141,1227,95.56074766355141,0,49.1,0,0
Vistabella,zaragoza,vistabella,50295,495,51,0,-89.6969696969697,444,89.6969696969697,0,49,0,0
Ardisa,zaragoza,ardisa,50033,484,76,0,-84.29752066115702,408,84.29752066115702,0,48.7,0,0
Nigüella,zaragoza,niguella,50187,270,62,0,-77.03703703703704,208,77.03703703703704,0,48.4,0,0
San Martín del Río,teruel,san-martin-del-rio,44207,1330,136,0,-89.77443609022556,1194,89.77443609022556,0,48.1,5.2,0
Barbuñales,huesca,barbunales,22050,425,95,0,-77.64705882352942,330,77.64705882352942,0,47.4,3.2,0
Moyuela,zaragoza,moyuela,50179,952,227,0,-76.15546218487394,725,76.15546218487394,0,47.1,0,0
Yésero,huesca,yesero,22253,288,62,0,-78.47222222222221,226,78.47222222222221,0,46.8,4.8,0
Torre del Compte,teruel,torre-del-compte,44225,748,122,0,-83.68983957219251,626,83.68983957219251,0,46.7,6.7,0
Tramacastiel,teruel,tramacastiel,44234,668,58,0,-91.31736526946108,610,91.31736526946108,0,46.6,1.7,0
Piedratajada,zaragoza,piedratajada,50207,300,97,0,-67.66666666666666,203,67.66666666666666,0,46.4,1,0
Castiliscar,zaragoza,castiliscar,50078,823,214,0,-73.99756986634264,609,73.99756986634264,0,46.3,5.1,0
Hinojosa de Jarque,teruel,hinojosa-de-jarque,44123,546,99,0,-81.86813186813187,447,81.86813186813187,0,45.5,2,0
Manchones,zaragoza,manchones,50161,672,96,0,-85.71428571428571,576,85.71428571428571,0,45.4,5.2,0
Romanos,zaragoza,romanos,50227,321,145,0,-54.82866043613706,176,54.82866043613706,0,45.1,7.6,0
Paracuellos de la Ribera,zaragoza,paracuellos-de-la-ribera,50202,908,112,0,-87.66519823788546,796,87.66519823788546,0,44.6,0,0
Asín,zaragoza,asin,50036,336,89,0,-73.51190476190477,247,73.51190476190477,0,44.4,6.7,0
Montón,zaragoza,monton,50174,499,96,0,-80.7615230460922,403,80.7615230460922,0,44.2,6.3,0
Plenas,zaragoza,plenas,50213,681,111,0,-83.70044052863436,570,83.70044052863436,0,44.2,7.1,0
Alarba,zaragoza,alarba,50009,471,93,0,-80.2547770700637,378,80.2547770700637,0,44.1,2.2,0
Orcajo,zaragoza,orcajo,50195,495,58,0,-88.28282828282829,437,88.28282828282829,0,44.1,1.7,0
Castejón de Tornos,teruel,castejon-de-tornos,44065,475,66,0,-86.10526315789474,409,86.10526315789474,0,43.9,3,0
Torre los Negros,teruel,torre-los-negros,44227,456,80,0,-82.45614035087719,376,82.45614035087719,0,43.8,3.8,0
Santed,zaragoza,santed,50239,290,71,0,-75.51724137931033,219,75.51724137931033,0,43.7,1.4,0
Valfarta,huesca,valfarta,22242,309,54,0,-82.52427184466019,255,82.52427184466019,0,43.6,5.5,0
Bárcabo,huesca,barcabo,22051,829,122,0,-85.28347406513872,707,85.28347406513872,0,43.4,5.7,0
Trasobares,zaragoza,trasobares,50266,531,122,0,-77.02448210922788,409,77.02448210922788,0,43.4,4.1,0
Cascante del Río,teruel,cascante-del-rio,44064,574,65,0,-88.67595818815332,509,88.67595818815332,0,43.1,3.1,0
Fórnoles,teruel,fornoles,44105,742,72,0,-90.29649595687331,670,90.29649595687331,0,43.1,4.2,0
Monterde de Albarracín,teruel,monterde-de-albarracin,44157,488,58,0,-88.11475409836066,430,88.11475409836066,0,43.1,1.7,0
Aguilón,zaragoza,aguilon,50005,982,273,0,-72.19959266802444,709,72.19959266802444,0,42.9,3.7,0
Aranda de Moncayo,zaragoza,aranda-de-moncayo,50031,1585,117,0,-92.61829652996846,1468,92.61829652996846,0,42.6,2.6,0
Villarroya del Campo,zaragoza,villarroya-del-campo,50294,229,69,0,-69.86899563318777,160,69.86899563318777,0,42.6,5.9,0
El Buste,zaragoza,el-buste,50063,428,59,0,-86.21495327102804,369,86.21495327102804,0,42.4,3.4,0
Gistaín,huesca,gistain,22114,444,116,0,-73.87387387387388,328,73.87387387387388,0,42.2,7.8,0
Alcampell,huesca,alcampell,22016,1983,639,0,-67.77609682299546,1344,67.77609682299546,0,42.1,8,0
Abanto,zaragoza,abanto,50001,633,80,0,-87.36176935229068,553,87.36176935229068,0,42,2.5,0
Torrijo de la Cañada,zaragoza,torrijo-de-la-canada,50263,2007,193,0,-90.3836571998007,1814,90.3836571998007,0,42,4.7,0
Villanueva de Jiloca,zaragoza,villanueva-de-jiloca,50289,545,69,0,-87.33944954128441,476,87.33944954128441,0,42,4.3,0
Calomarde,teruel,calomarde,44052,422,74,0,-82.46445497630332,348,82.46445497630332,0,41.9,1.4,0
Odón,teruel,odon,44168,974,197,0,-79.7741273100616,777,79.7741273100616,0,41.9,6.6,0
Pozuel del Campo,teruel,pozuel-del-campo,44190,598,66,0,-88.96321070234113,532,88.96321070234113,0,41.8,6,0
Calcena,zaragoza,calcena,50069,854,72,0,-91.56908665105387,782,91.56908665105387,0,41.7,1.4,0
Castelflorite,huesca,castelflorite,22085,247,103,0,-58.2995951417004,144,58.2995951417004,0,41.7,6.8,0
Tornos,teruel,tornos,44219,578,182,0,-68.5121107266436,396,68.5121107266436,0,41.7,6.1,0
Valpalmas,zaragoza,valpalmas,50276,415,126,0,-69.63855421686746,289,69.63855421686746,0,41.7,0.8,0
Samper del Salz,zaragoza,samper-del-salz,50233,404,82,0,-79.70297029702971,322,79.70297029702971,0,41.5,7.3,0
Calmarza,zaragoza,calmarza,50070,343,58,0,-83.09037900874635,285,83.09037900874635,0,41.4,10.3,0
Fuentes de Jiloca,zaragoza,fuentes-de-jiloca,50116,1099,209,0,-80.98271155595997,890,80.98271155595997,0,41.4,5.2,0
Bureta,zaragoza,bureta,50061,685,208,0,-69.63503649635037,477,69.63503649635037,0,41.3,6.7,0
Griegos,teruel,griegos,44119,415,142,0,-65.78313253012048,273,65.78313253012048,0,41.3,6.3,0
Torres de Alcanadre,huesca,torres-de-alcanadre,22235,499,92,0,-81.56312625250501,407,81.56312625250501,0,41.3,4.3,0
Cuevas Labradas,teruel,cuevas-labradas,44094,401,136,0,-66.08478802992519,265,66.08478802992519,0,41.2,5.1,0
Torrelacárcel,teruel,torrelacarcel,44226,521,131,0,-74.85604606525912,390,74.85604606525912,0,41.2,4.6,0
El Cuervo,teruel,el-cuervo,44092,576,95,0,-83.50694444444444,481,83.50694444444444,0,41.1,4.2,0
Añón de Moncayo,zaragoza,anon-de-moncayo,50030,1106,216,0,-80.47016274864376,890,80.47016274864376,0,41,10.4,0
Pitarque,teruel,pitarque,44183,938,61,0,-93.49680170575692,877,93.49680170575692,0,41,1.6,0
Monterde,zaragoza,monterde,50173,932,152,0,-83.69098712446352,780,83.69098712446352,0,40.9,2.6,0
Arens de Lledó,teruel,arens-de-lledo,44027,759,194,0,-74.44005270092227,565,74.44005270092227,0,40.8,5.1,0
Villarroya de la Sierra,zaragoza,villarroya-de-la-sierra,50293,2405,413,0,-82.82744282744284,1992,82.82744282744284,0,40.8,4.9,0
La Vilueña,zaragoza,la-viluena,50282,401,57,0,-85.785536159601,344,85.785536159601,0,40.7,11.9,0
Loscos,teruel,loscos,44138,1507,112,0,-92.56801592568016,1395,92.56801592568016,0,40.7,2.7,0
Val de San Martín,zaragoza,val-de-san-martin,50274,345,59,0,-82.89855072463767,286,82.89855072463767,0,40.7,1.7,0
Monesma y Cajigar,huesca,monesma-y-cajigar,22155,513,69,0,-86.54970760233918,444,86.54970760233918,0,40.6,2.9,0
Riodeva,teruel,riodeva,44196,716,121,0,-83.10055865921788,595,83.10055865921788,0,40.5,5,0
Carenas,zaragoza,carenas,50072,1181,167,0,-85.85944115156647,1014,85.85944115156647,0,40.4,0.6,0
Los Fayos,zaragoza,los-fayos,50106,521,133,0,-74.4721689059501,388,74.4721689059501,0,40.3,6.7,0
Alba,teruel,alba,44007,634,187,0,-70.50473186119874,447,70.50473186119874,0,40.1,7.5,0
Ibieca,huesca,ibieca,22126,417,104,0,-75.0599520383693,313,75.0599520383693,0,40,5.7,0
Olvena,huesca,olvena,22164,384,65,0,-83.07291666666666,319,83.07291666666666,0,40,13.8,0
Vera de Moncayo,zaragoza,vera-de-moncayo,50280,1329,315,0,-76.2979683972912,1014,76.2979683972912,0,39.9,4.7,0
Argente,teruel,argente,44028,716,201,0,-71.92737430167597,515,71.92737430167597,0,39.8,10.9,0
Laperdiguera,huesca,laperdiguera,22139,369,88,0,-76.15176151761518,281,76.15176151761518,0,39.8,3.4,0
Encinacorba,zaragoza,encinacorba,50098,1020,182,0,-82.15686274509804,838,82.15686274509804,0,39.7,4.3,0
Santa Eulalia de Gállego,zaragoza,santa-eulalia-de-gallego,50238,924,101,0,-89.06926406926407,823,89.06926406926407,0,39.6,8.9,0
Monreal de Ariza,zaragoza,monreal-de-ariza,50172,680,173,0,-74.55882352941177,507,74.55882352941177,0,39.5,2.9,0
Belmonte de Gracián,zaragoza,belmonte-de-gracian,50046,997,181,0,-81.84553660982948,816,81.84553660982948,0,39.4,4.4,0
La Portellada,teruel,la-portellada,44187,860,241,0,-71.97674418604652,619,71.97674418604652,0,39.4,12.4,0
Valmadrid,zaragoza,valmadrid,50275,202,127,0,-37.12871287128713,75,37.12871287128713,0,39.4,4.7,0
Bueña,teruel,buena,44046,352,55,0,-84.375,297,84.375,0,39.3,12.5,0
Ródenas,teruel,rodenas,44197,415,61,0,-85.3012048192771,354,85.3012048192771,0,39.3,4.9,0
Used,zaragoza,used,50271,1432,260,0,-81.84357541899442,1172,81.84357541899442,0,39.2,4.9,0
Lagata,zaragoza,lagata,50133,503,115,0,-77.13717693836978,388,77.13717693836978,0,39.1,5.2,0
Mesones de Isuela,zaragoza,mesones-de-isuela,50166,613,266,0,-56.6068515497553,347,56.6068515497553,0,39.1,6,0
Mezalocha,zaragoza,mezalocha,50167,510,206,0,-59.6078431372549,304,59.6078431372549,0,39.1,4.3,0
Castejón de las Armas,zaragoza,castejon-de-las-armas,50076,750,88,0,-88.26666666666667,662,88.26666666666667,0,38.9,0,0
Sesa,huesca,sesa,22220,881,162,0,-81.61180476730988,719,81.61180476730988,0,38.9,3.7,0
Agüero,huesca,aguero,22004,1182,140,0,-88.15566835871405,1042,88.15566835871405,0,38.8,5,0
Blancas,teruel,blancas,44042,859,134,0,-84.40046565774156,725,84.40046565774156,0,38.8,8.2,0
Ilche,huesca,ilche,22128,720,185,0,-74.30555555555556,535,74.30555555555556,0,38.8,1.6,0
Torremocha de Jiloca,teruel,torremocha-de-jiloca,44228,420,103,0,-75.47619047619048,317,75.47619047619048,0,38.8,7.8,0
Azaila,teruel,azaila,44031,742,95,0,-87.1967654986523,647,87.1967654986523,0,38.7,8.6,0
Antillón,huesca,antillon,22029,393,126,0,-67.93893129770993,267,67.93893129770993,0,38.6,9.4,0
Belmonte de San José,teruel,belmonte-de-san-jose,44038,817,135,0,-83.47613219094248,682,83.47613219094248,0,38.5,10.4,0
Bisimbre,zaragoza,bisimbre,50052,291,91,0,-68.72852233676976,200,68.72852233676976,0,38.5,3.3,0
Oliete,teruel,oliete,44172,2146,367,0,-82.89841565703635,1779,82.89841565703635,0,38.5,9.2,0
Torralba de Ribota,zaragoza,torralba-de-ribota,50257,654,169,0,-74.15902140672783,485,74.15902140672783,0,38.5,1.8,0
Castejón de Valdejasa,zaragoza,castejon-de-valdejasa,50077,1095,198,0,-81.91780821917808,897,81.91780821917808,0,38.4,4.5,0
Fuentes Calientes,teruel,fuentes-calientes,44111,243,82,0,-66.2551440329218,161,66.2551440329218,0,38.4,5.8,0
Alfambra,teruel,alfambra,44016,1355,487,0,-64.0590405904059,868,64.0590405904059,0,38.3,9.1,0
Escorihuela,teruel,escorihuela,44097,493,141,0,-71.39959432048681,352,71.39959432048681,0,38.3,7.8,0
Moros,zaragoza,moros,50178,1209,269,0,-77.75020678246484,940,77.75020678246484,0,38.3,1.5,0
Tabuenca,zaragoza,tabuenca,50249,1379,311,0,-77.44742567077593,1068,77.44742567077593,0,38.3,5.1,0
Tronchón,teruel,tronchon,44236,997,60,0,-93.98194583751254,937,93.98194583751254,0,38.3,3.3,0
Castejón de Monegros,huesca,castejon-de-monegros,22083,1594,468,0,-70.63989962358845,1126,70.63989962358845,0,38.2,5.3,0
Campillo de Aragón,zaragoza,campillo-de-aragon,50071,701,112,0,-84.0228245363766,589,84.0228245363766,0,38.1,1.8,0
Canal de Berdún,huesca,canal-de-berdun,22076,2022,330,0,-83.67952522255193,1692,83.67952522255193,0,38.1,6.9,0
Sangarrén,huesca,sangarren,22206,509,221,0,-56.581532416502945,288,56.581532416502945,0,38.1,8.5,0
Santaliestra y San Quílez,huesca,santaliestra-y-san-quilez,22212,366,83,0,-77.3224043715847,283,77.3224043715847,0,38.1,7.1,0
Bisaurri,huesca,bisaurri,22062,813,179,0,-77.98277982779828,634,77.98277982779828,0,38,6.1,0
Cucalón,teruel,cucalon,44090,525,79,0,-84.95238095238096,446,84.95238095238096,0,38,6.3,0
Letux,zaragoza,letux,50139,1074,356,0,-66.85288640595903,718,66.85288640595903,0,38,3.9,0
Bardallur,zaragoza,bardallur,50044,834,228,0,-72.66187050359713,606,72.66187050359713,0,37.9,6.2,0
Villar del Cobo,teruel,villar-del-cobo,44257,596,162,0,-72.81879194630872,434,72.81879194630872,0,37.9,5,0
Cubel,zaragoza,cubel,50090,505,143,0,-71.68316831683168,362,71.68316831683168,0,37.8,9.8,0
Alforque,zaragoza,alforque,50019,387,61,0,-84.23772609819122,326,84.23772609819122,0,37.7,0,0
Lagueruela,teruel,lagueruela,44132,252,71,0,-71.82539682539682,181,71.82539682539682,0,37.7,8.7,0
Bello,teruel,bello,44039,989,213,0,-78.46309403437816,776,78.46309403437816,0,37.6,7,0
Farlete,zaragoza,farlete,50104,524,394,0,-24.80916030534351,130,24.80916030534351,0,37.6,5.3,0
Marracos,zaragoza,marracos,50902,154,85,0,-44.8051948051948,69,44.8051948051948,0,37.6,3.5,0
Lidón,teruel,lidon,44136,308,56,0,-81.81818181818183,252,81.81818181818183,0,37.5,0,0
Sediles,zaragoza,sediles,50242,311,111,0,-64.30868167202573,200,64.30868167202573,0,37.5,9.8,0
Murero,zaragoza,murero,50184,519,92,0,-82.27360308285164,427,82.27360308285164,0,37,2.2,0
Ráfales,teruel,rafales,44194,859,149,0,-82.65424912689173,710,82.65424912689173,0,37,16.9,0
Valbona,teruel,valbona,44240,675,192,0,-71.55555555555554,483,71.55555555555554,0,37,6.3,0
Villar del Salz,teruel,villar-del-salz,44258,412,53,0,-87.13592233009709,359,87.13592233009709,0,37,3.7,0
Acered,zaragoza,acered,50002,745,141,0,-81.0738255033557,604,81.0738255033557,0,36.9,7.1,0
Urrea de Gaén,teruel,urrea-de-gaen,44237,1195,440,0,-63.17991631799163,755,63.17991631799163,0,36.9,9.6,0
Villalba de Perejil,zaragoza,villalba-de-perejil,50286,266,84,0,-68.42105263157895,182,68.42105263157895,0,36.9,11.9,0
Valle de Lierp,huesca,valle-de-lierp,22244,212,58,0,-72.64150943396226,154,72.64150943396226,0,36.8,5.3,0
Alconchel de Ariza,zaragoza,alconchel-de-ariza,50015,667,78,0,-88.30584707646177,589,88.30584707646177,0,36.7,5.1,0
Castejón de Alarba,zaragoza,castejon-de-alarba,50075,294,79,0,-73.12925170068027,215,73.12925170068027,0,36.7,1.3,0
Tobed,zaragoza,tobed,50255,1002,198,0,-80.23952095808383,804,80.23952095808383,0,36.7,7.1,0
Badules,zaragoza,badules,50040,440,81,0,-81.5909090909091,359,81.5909090909091,0,36.6,2.4,0
Casbas de Huesca,huesca,casbas-de-huesca,22081,2195,292,0,-86.69703872437357,1903,86.69703872437357,0,36.6,4.8,0
Olvés,zaragoza,olves,50194,674,111,0,-83.53115727002968,563,83.53115727002968,0,36.6,8.9,0
Báguena,teruel,baguena,44033,1420,295,0,-79.22535211267606,1125,79.22535211267606,0,36.5,8,0
Biel,zaragoza,biel,50901,1659,170,0,-89.75286317058469,1489,89.75286317058469,0,36.5,3.5,0
Orés,zaragoza,ores,50197,734,74,0,-89.91825613079018,660,89.91825613079018,0,36.5,2.7,0
Terriente,teruel,terriente,44215,1109,210,0,-81.06402164111812,899,81.06402164111812,0,36.5,8.2,0
Fanlo,huesca,fanlo,22107,1065,118,0,-88.92018779342723,947,88.92018779342723,0,36.4,9.3,0
Monegrillo,zaragoza,monegrillo,50170,824,380,0,-53.883495145631066,444,53.883495145631066,0,36.4,5.9,0
Morés,zaragoza,mores,50177,1168,303,0,-74.0582191780822,865,74.0582191780822,0,36.4,7.5,0
Tolva,huesca,tolva,22229,962,132,0,-86.27858627858627,830,86.27858627858627,0,36.4,7.6,0
Uncastillo,zaragoza,uncastillo,50267,2758,615,0,-77.70123277737491,2143,77.70123277737491,0,36.4,5.5,0
Fuentes Claras,teruel,fuentes-claras,44112,1123,435,0,-61.264470169189664,688,61.264470169189664,0,36.3,9.7,0
Torrecilla de Alcañiz,teruel,torrecilla-de-alcaniz,44221,1105,436,0,-60.542986425339365,669,60.542986425339365,0,36.3,9.4,0
Valdealgorfa,teruel,valdealgorfa,44241,1665,580,0,-65.16516516516516,1085,65.16516516516516,0,36.3,11.7,0
Agón,zaragoza,agon,50003,499,133,0,-73.34669338677354,366,73.34669338677354,0,36.1,3.8,0
Azanuy-Alins,huesca,azanuy-alins,22040,1221,183,0,-85.01228501228502,1038,85.01228501228502,0,36.1,10.9,0
El Grado,huesca,el-grado,22115,1605,386,0,-75.95015576323988,1219,75.95015576323988,0,36.1,8.1,0
Monforte de Moyuela,teruel,monforte-de-moyuela,44152,694,75,0,-89.19308357348703,619,89.19308357348703,0,36,4,0
Poleñino,huesca,polenino,22184,512,205,0,-59.9609375,307,59.9609375,0,35.9,8.6,0
Ansó,huesca,anso,22028,1549,413,0,-73.33763718528083,1136,73.33763718528083,0,35.8,8.7,0
Cimballa,zaragoza,cimballa,50082,512,80,0,-84.375,432,84.375,0,35.8,7.4,0
Gurrea de Gállego,huesca,gurrea-de-gallego,22119,1401,1427,0,1.8558172733761598,-26,-1.8558172733761598,0,35.8,10,0
Atea,zaragoza,atea,50037,1225,136,0,-88.89795918367346,1089,88.89795918367346,0,35.6,1.5,0
Tella-Sin,huesca,tella-sin,22227,717,217,0,-69.7350069735007,500,69.7350069735007,0,35.6,5.6,0
Jarque de la Val,teruel,jarque-de-la-val,44128,277,62,0,-77.6173285198556,215,77.6173285198556,0,35.5,3.2,0
Orrios,teruel,orrios,44175,430,119,0,-72.32558139534883,311,72.32558139534883,0,35.5,0.8,0
Litago,zaragoza,litago,50140,634,192,0,-69.71608832807571,442,69.71608832807571,0,35.4,4.7,0
Puente de Montañana,huesca,puente-de-montanana,22188,822,95,0,-88.44282238442823,727,88.44282238442823,0,35.4,8.3,0
Gea de Albarracín,teruel,gea-de-albarracin,44117,1168,467,0,-60.01712328767124,701,60.01712328767124,0,35.2,7.9,0
Jaulín,zaragoza,jaulin,50131,361,292,0,-19.113573407202217,69,19.113573407202217,0,35.2,8.2,0
Lalueza,huesca,lalueza,22136,867,868,0,0.11534025374855825,-1,-0.11534025374855825,0,35.2,6.6,0
Sigüés,zaragoza,sigues,50245,1638,70,0,-95.72649572649573,1568,95.72649572649573,0,35.2,9.9,0
Abejuela,teruel,abejuela,44002,698,57,0,-91.83381088825216,641,91.83381088825216,0,35.1,5.3,0
Bubierca,zaragoza,bubierca,50058,914,57,0,-93.7636761487965,857,93.7636761487965,0,35.1,1.8,0
Molinos,teruel,molinos,44151,1405,228,0,-83.77224199288256,1177,83.77224199288256,0,35.1,8.3,0
Ambel,zaragoza,ambel,50027,955,254,0,-73.40314136125654,701,73.40314136125654,0,35,8.7,0
Loarre,huesca,loarre,22149,1771,351,0,-80.18068887634105,1420,80.18068887634105,0,35,4.6,0
Salillas,huesca,salillas,22203,367,101,0,-72.47956403269755,266,72.47956403269755,0,35,9,0
Novillas,zaragoza,novillas,50191,908,502,0,-44.713656387665196,406,44.713656387665196,0,34.9,6,0
Barrachina,teruel,barrachina,44035,697,115,0,-83.50071736011478,582,83.50071736011478,0,34.8,7,0
Codo,zaragoza,codo,50085,1026,201,0,-80.4093567251462,825,80.4093567251462,0,34.8,5.5,0
Lascuarre,huesca,lascuarre,22142,581,135,0,-76.76419965576592,446,76.76419965576592,0,34.8,14.8,0
Perarrúa,huesca,perarrua,22177,689,112,0,-83.74455732946299,577,83.74455732946299,0,34.8,13.4,0
Clarés de Ribota,zaragoza,clares-de-ribota,50084,444,70,0,-84.23423423423422,374,84.23423423423422,0,34.7,2.8,0
Almonacid de la Cuba,zaragoza,almonacid-de-la-cuba,50023,667,233,0,-65.06746626686657,434,65.06746626686657,0,34.6,5.1,0
Gallocanta,zaragoza,gallocanta,50117,363,133,0,-63.36088154269972,230,63.36088154269972,0,34.6,7.7,0
Laluenga,huesca,laluenga,22135,794,207,0,-73.9294710327456,587,73.9294710327456,0,34.6,8.3,0
Torrehermosa,zaragoza,torrehermosa,50259,258,74,0,-71.31782945736434,184,71.31782945736434,0,34.6,5.1,0
Peralta de Alcofea,huesca,peralta-de-alcofea,22174,2207,587,0,-73.40280924331672,1620,73.40280924331672,0,34.5,7.5,0
Lécera,zaragoza,lecera,50136,1997,599,0,-70.00500751126691,1398,70.00500751126691,0,34.4,7.9,0
Lledó,teruel,lledo,44141,580,153,0,-73.62068965517241,427,73.62068965517241,0,34.4,8.3,0
Alloza,teruel,alloza,44022,1773,551,0,-68.92272983643542,1222,68.92272983643542,0,34.3,10.7,0
Laspuña,huesca,laspuna,22144,501,278,0,-44.510978043912175,223,44.510978043912175,0,34.3,9.7,0
Albelda,huesca,albelda,22009,1213,709,0,-41.54987633965375,504,41.54987633965375,0,34.2,9.7,0
Castellote,teruel,castellote,44071,5122,663,0,-87.05583756345177,4459,87.05583756345177,0,34.2,7.9,0
Cervera de la Cañada,zaragoza,cervera-de-la-canada,50079,904,259,0,-71.3495575221239,645,71.3495575221239,0,34.2,9.2,0
El Frasno,zaragoza,el-frasno,50110,1551,361,0,-76.72469374597034,1190,76.72469374597034,0,34.2,3.8,0
Moneva,zaragoza,moneva,50171,636,118,0,-81.44654088050315,518,81.44654088050315,0,34.2,7.5,0
Peracense,teruel,peracense,44180,385,74,0,-80.77922077922078,311,80.77922077922078,0,34.2,8.2,0
Crivillén,teruel,crivillen,44087,937,91,0,-90.2881536819637,846,90.2881536819637,0,34.1,8.8,0
Leciñena,zaragoza,lecinena,50137,1576,1090,0,-30.83756345177665,486,30.83756345177665,0,34.1,10.9,0
Torre de Arcas,teruel,torre-de-arcas,44223,485,82,0,-83.09278350515464,403,83.09278350515464,0,34.1,2.4,0
Alberuela de Tubo,huesca,alberuela-de-tubo,22013,238,283,0,18.907563025210084,-45,-18.907563025210084,0,34,6.4,0
Arándiga,zaragoza,arandiga,50032,1121,264,0,-76.44959857270295,857,76.44959857270295,0,34,8.3,0
Biscarrués,huesca,biscarrues,22063,810,187,0,-76.91358024691358,623,76.91358024691358,0,34,3.7,0
Cinco Olivas,zaragoza,cinco-olivas,50083,570,102,0,-82.10526315789474,468,82.10526315789474,0,34,5,0
Sos del Rey Católico,zaragoza,sos-del-rey-catolico,50248,3596,585,0,-83.73192436040044,3011,83.73192436040044,0,34,9.9,0
Alcalá del Obispo,huesca,alcala-del-obispo,22015,1328,372,0,-71.98795180722891,956,71.98795180722891,0,33.9,9.1,0
Allepuz,teruel,allepuz,44021,1040,124,0,-88.07692307692308,916,88.07692307692308,0,33.9,9.7,0
Argavieso,huesca,argavieso,22036,322,112,0,-65.21739130434783,210,65.21739130434783,0,33.9,14.3,0
Jabaloyas,teruel,jabaloyas,44127,934,63,0,-93.25481798715204,871,93.25481798715204,0,33.9,1.6,0
La Sotonera,huesca,la-sotonera,22904,3972,903,0,-77.26586102719033,3069,77.26586102719033,0,33.9,7.8,0
Luesia,zaragoza,luesia,50148,1573,331,0,-78.9574062301335,1242,78.9574062301335,0,33.9,6.5,0
Cortes de Aragón,teruel,cortes-de-aragon,44084,492,65,0,-86.78861788617887,427,86.78861788617887,0,33.8,6.2,0
Mozota,zaragoza,mozota,50180,378,130,0,-65.60846560846561,248,65.60846560846561,0,33.8,10.8,0
Palomar de Arroyos,teruel,palomar-de-arroyos,44176,612,160,0,-73.8562091503268,452,73.8562091503268,0,33.8,5.6,0
Villar de los Navarros,zaragoza,villar-de-los-navarros,50291,984,157,0,-84.04471544715447,827,84.04471544715447,0,33.8,8.9,0
Alberite de San Juan,zaragoza,alberite-de-san-juan,50010,267,84,0,-68.53932584269663,183,68.53932584269663,0,33.7,6,0
Alcubierre,huesca,alcubierre,22018,1530,400,0,-73.8562091503268,1130,73.8562091503268,0,33.7,10.3,0
Artieda,zaragoza,artieda,50035,269,86,0,-68.02973977695167,183,68.02973977695167,0,33.7,5.8,0
Peralejos,teruel,peralejos,44181,286,89,0,-68.88111888111888,197,68.88111888111888,0,33.7,13.5,0
Pozuelo de Aragón,zaragoza,pozuelo-de-aragon,50216,710,249,0,-64.92957746478874,461,64.92957746478874,0,33.7,6.4,0
Santa Cruz de Grío,zaragoza,santa-cruz-de-grio,50236,929,104,0,-88.80516684607105,825,88.80516684607105,0,33.7,5.8,0
Santa María de Dulcis,huesca,santa-maria-de-dulcis,22906,644,209,0,-67.54658385093167,435,67.54658385093167,0,33.7,7.7,0
Alfántega,huesca,alfantega,22021,2983,129,0,-95.67549446865571,2854,95.67549446865571,0,33.6,8.4,0
Erla,zaragoza,erla,50100,911,371,0,-59.27552140504939,540,59.27552140504939,0,33.6,11.3,0
Estada,huesca,estada,22102,524,214,0,-59.16030534351145,310,59.16030534351145,0,33.6,8.4,0
Ibdes,zaragoza,ibdes,50125,1251,372,0,-70.26378896882494,879,70.26378896882494,0,33.6,7.7,0
Villalengua,zaragoza,villalengua,50287,1384,289,0,-79.11849710982659,1095,79.11849710982659,0,33.6,7.6,0
Alcalá de Gurrea,huesca,alcala-de-gurrea,22014,638,272,0,-57.36677115987461,366,57.36677115987461,0,33.5,5.6,0
Muniesa,teruel,muniesa,44161,1860,572,0,-69.24731182795699,1288,69.24731182795699,0,33.5,12.4,0
Nogueruelas,teruel,nogueruelas,44165,1156,193,0,-83.3044982698962,963,83.3044982698962,0,33.5,13.9,0
Peralta de Calasanz,huesca,peralta-de-calasanz,22175,2404,215,0,-91.05657237936772,2189,91.05657237936772,0,33.5,8.8,0
Valjunquera,teruel,valjunquera,44247,1225,328,0,-73.22448979591837,897,73.22448979591837,0,33.5,10.4,0
Valdeltormo,teruel,valdeltormo,44245,699,305,0,-56.36623748211731,394,56.36623748211731,0,33.4,13.4,0
Gargallo,teruel,gargallo,44116,644,87,0,-86.49068322981367,557,86.49068322981367,0,33.3,5.7,0
Mezquita de Jarque,teruel,mezquita-de-jarque,44148,327,81,0,-75.22935779816514,246,75.22935779816514,0,33.3,11.1,0
Sopeira,huesca,sopeira,22223,889,84,0,-90.5511811023622,805,90.5511811023622,0,33.3,6,0
Vinaceite,teruel,vinaceite,44265,544,182,0,-66.54411764705883,362,66.54411764705883,0,33.3,6.1,0
Almuniente,huesca,almuniente,22023,512,444,0,-13.28125,68,13.28125,0,33.2,9.1,0
Calaceite,teruel,calaceite,44049,2579,960,0,-62.776269872043436,1619,62.776269872043436,0,33.2,12.3,0
Caldearenas,huesca,caldearenas,22072,1483,237,0,-84.01888064733647,1246,84.01888064733647,0,33.2,12.2,0
Luna,zaragoza,luna,50151,1761,675,0,-61.6695059625213,1086,61.6695059625213,0,33.2,7.4,0
Torrijo del Campo,teruel,torrijo-del-campo,44232,1308,502,0,-61.62079510703364,806,61.62079510703364,0,33.2,13.6,0
Ejulve,teruel,ejulve,44096,1291,169,0,-86.90937257939582,1122,86.90937257939582,0,33.1,8.1,0
Pertusa,huesca,pertusa,22178,705,136,0,-80.70921985815603,569,80.70921985815603,0,33.1,8.1,0
Robres,huesca,robres,22197,1064,531,0,-50.09398496240601,533,50.09398496240601,0,33.1,11.8,0
Cosuenda,zaragoza,cosuenda,50088,1304,329,0,-74.76993865030674,975,74.76993865030674,0,33,9.4,0
Loporzano,huesca,loporzano,22150,3139,557,0,-82.25549538069448,2582,82.25549538069448,0,33,6.8,0
Castillazuelo,huesca,castillazuelo,22088,757,166,0,-78.07133421400265,591,78.07133421400265,0,32.9,7.2,0
La Zaida,zaragoza,la-zaida,50296,446,428,0,-4.0358744394618835,18,4.0358744394618835,0,32.9,8.6,0
Lanaja,huesca,lanaja,22137,1839,1141,0,-37.95541054921153,698,37.95541054921153,0,32.9,8.2,0
Montanuy,huesca,montanuy,22157,1395,227,0,-83.72759856630825,1168,83.72759856630825,0,32.8,5.2,0
San Agustín,teruel,san-agustin,44206,1204,137,0,-88.62126245847176,1067,88.62126245847176,0,32.8,6.6,0
Orera,zaragoza,orera,50196,411,101,0,-75.4257907542579,310,75.4257907542579,0,32.7,4,0
Villafeliche,zaragoza,villafeliche,50284,1374,159,0,-88.42794759825327,1215,88.42794759825327,0,32.7,7.1,0
Cabañas de Ebro,zaragoza,cabanas-de-ebro,50064,493,481,0,-2.434077079107505,12,2.434077079107505,0,32.6,9.3,0
Samper de Calanda,teruel,samper-de-calanda,44205,2647,730,0,-72.4216093690971,1917,72.4216093690971,0,32.6,7.7,0
Sástago,zaragoza,sastago,50240,2987,1091,0,-63.47505858721125,1896,63.47505858721125,0,32.6,12.6,0
Foradada del Toscar,huesca,foradada-del-toscar,22111,665,169,0,-74.58646616541354,496,74.58646616541354,0,32.5,8.4,0
Aniñón,zaragoza,aninon,50029,1870,683,0,-63.475935828877006,1187,63.475935828877006,0,32.4,10,0
Fuentespalda,teruel,fuentespalda,44114,927,289,0,-68.82416396979504,638,68.82416396979504,0,32.4,7.5,0
Tosos,zaragoza,tosos,50264,841,175,0,-79.19143876337694,666,79.19143876337694,0,32.4,8,0
Aladrén,zaragoza,aladren,50007,353,62,0,-82.43626062322946,291,82.43626062322946,0,32.3,1.6,0
Lituénigo,zaragoza,lituenigo,50141,363,124,0,-65.84022038567493,239,65.84022038567493,0,32.3,10.5,0
Ojos Negros,teruel,ojos-negros,44169,1436,328,0,-77.15877437325905,1108,77.15877437325905,0,32.3,9.8,0
Tramacastilla,teruel,tramacastilla,44235,455,130,0,-71.42857142857143,325,71.42857142857143,0,32.3,7.9,0
Villahermosa del Campo,teruel,villahermosa-del-campo,44252,236,93,0,-60.59322033898306,143,60.59322033898306,0,32.3,8.6,0
Bailo,huesca,bailo,22044,1488,263,0,-82.3252688172043,1225,82.3252688172043,0,32.2,6.8,0
Boquiñeni,zaragoza,boquineni,50053,920,751,0,-18.369565217391305,169,18.369565217391305,0,32.2,9.2,0
Fuendetodos,zaragoza,fuendetodos,50114,540,145,0,-73.14814814814815,395,73.14814814814815,0,32.2,4.9,0
Salas Altas,huesca,salas-altas,22201,998,296,0,-70.34068136272545,702,70.34068136272545,0,32.2,11,0
Biota,zaragoza,biota,50051,1383,840,0,-39.26247288503254,543,39.26247288503254,0,32.1,7.5,0
Castel de Cabra,teruel,castel-de-cabra,44066,623,84,0,-86.51685393258427,539,86.51685393258427,0,32.1,9.5,0
Colungo,huesca,colungo,22090,702,132,0,-81.19658119658119,570,81.19658119658119,0,32.1,9.9,0
Ontiñena,huesca,ontinena,22165,1862,513,0,-72.44897959183673,1349,72.44897959183673,0,32.1,7.4,0
Puebla de Albortón,zaragoza,puebla-de-alborton,50218,631,136,0,-78.44690966719493,495,78.44690966719493,0,32.1,3.6,0
Sestrica,zaragoza,sestrica,50243,1298,340,0,-73.80585516178738,958,73.80585516178738,0,32.1,3.2,0
Torres de Barbués,huesca,torres-de-barbues,22236,202,270,0,33.663366336633665,-68,-33.663366336633665,0,31.9,8.1,0
Alcalá de Moncayo,zaragoza,alcala-de-moncayo,50014,370,153,0,-58.648648648648646,217,58.648648648648646,0,31.8,8.4,0
Burbáguena,teruel,burbaguena,44047,1350,352,0,-73.92592592592592,998,73.92592592592592,0,31.8,13.1,0
Candasnos,huesca,candasnos,22077,1063,422,0,-60.30103480714958,641,60.30103480714958,0,31.8,10.4,0
Fonz,huesca,fonz,22110,2006,893,0,-55.48354935194417,1113,55.48354935194417,0,31.7,9,0
Aragüés del Puerto,huesca,aragues-del-puerto,22032,546,114,0,-79.12087912087912,432,79.12087912087912,0,31.6,5.3,0
Layana,zaragoza,layana,50135,343,98,0,-71.42857142857143,245,71.42857142857143,0,31.6,6.1,0
Azara,huesca,azara,22041,513,164,0,-68.03118908382066,349,68.03118908382066,0,31.5,8.5,0
Gelsa,zaragoza,gelsa,50119,2096,986,0,-52.958015267175576,1110,52.958015267175576,0,31.5,10,0
Godojos,zaragoza,godojos,50120,432,54,0,-87.5,378,87.5,0,31.5,7.4,0
Malanquilla,zaragoza,malanquilla,50155,427,73,0,-82.90398126463701,354,82.90398126463701,0,31.5,2.7,0
Pozondón,teruel,pozondon,44189,539,54,0,-89.98144712430427,485,89.98144712430427,0,31.5,0,0
Torrevelilla,teruel,torrevelilla,44230,776,182,0,-76.5463917525773,594,76.5463917525773,0,31.5,13.8,0
Tramaced,huesca,tramaced,22239,111,106,0,-4.504504504504505,5,4.504504504504505,0,31.5,5.4,0
Chodes,zaragoza,chodes,50093,483,102,0,-78.88198757763976,381,78.88198757763976,0,31.4,6.9,0
Isábena,huesca,isabena,22129,1246,237,0,-80.97913322632424,1009,80.97913322632424,0,31.4,6.4,0
Remolinos,zaragoza,remolinos,50223,1019,1023,0,0.39254170755642787,-4,-0.39254170755642787,0,31.4,8.7,0
San Martín de la Virgen de Moncayo,zaragoza,san-martin-de-la-virgen-de-moncayo,50234,385,274,0,-28.83116883116883,111,28.83116883116883,0,31.4,12.4,0
La Cerollera,teruel,la-cerollera,44077,450,77,0,-82.88888888888889,373,82.88888888888889,0,31.2,3.9,0
Villafranca del Campo,teruel,villafranca-del-campo,44251,988,296,0,-70.04048582995951,692,70.04048582995951,0,31.2,8.5,0
Tierga,zaragoza,tierga,50254,682,177,0,-74.04692082111437,505,74.04692082111437,0,31.1,3.4,0
Fombuena,zaragoza,fombuena,50108,226,55,0,-75.66371681415929,171,75.66371681415929,0,30.9,0,0
Jasa,huesca,jasa,22131,467,94,0,-79.87152034261243,373,79.87152034261243,0,30.9,7.4,0
Morata de Jalón,zaragoza,morata-de-jalon,50175,2161,1082,0,-49.93058769088385,1079,49.93058769088385,0,30.9,8.7,0
Villarluengo,teruel,villarluengo,44260,2128,163,0,-92.34022556390977,1965,92.34022556390977,0,30.9,10.3,0
Alerre,huesca,alerre,22019,227,225,0,-0.881057268722467,2,0.881057268722467,0,30.7,13.8,0
Berbegal,huesca,berbegal,22055,1109,325,0,-70.69431920649234,784,70.69431920649234,0,30.7,6.7,0
Castelserás,teruel,castelseras,44068,2177,801,0,-63.20624712907671,1376,63.20624712907671,0,30.7,13.2,0
Celadas,teruel,celadas,44075,876,329,0,-62.44292237442922,547,62.44292237442922,0,30.7,4,0
Paniza,zaragoza,paniza,50200,1820,575,0,-68.4065934065934,1245,68.4065934065934,0,30.7,9.9,0
Plan,huesca,plan,22182,1124,279,0,-75.1779359430605,845,75.1779359430605,0,30.7,9.2,0
Singra,teruel,singra,44213,399,75,0,-81.203007518797,324,81.203007518797,0,30.7,1.3,0
Torrellas,zaragoza,torrellas,50261,860,231,0,-73.13953488372093,629,73.13953488372093,0,30.7,10,0
Velilla de Ebro,zaragoza,velilla-de-ebro,50278,1027,207,0,-79.8442064264849,820,79.8442064264849,0,30.7,10.7,0
Arén,huesca,aren,22035,2119,306,0,-85.5592260500236,1813,85.5592260500236,0,30.6,9.6,0
Belchite,zaragoza,belchite,50045,3333,1509,0,-54.725472547254725,1824,54.725472547254725,0,30.6,9.4,0
Borau,huesca,borau,22068,460,85,0,-81.52173913043478,375,81.52173913043478,0,30.6,5.9,0
Brea de Aragón,zaragoza,brea-de-aragon,50057,1467,1506,0,2.658486707566462,-39,-2.658486707566462,0,30.6,9.5,0
El Pobo,teruel,el-pobo,44185,497,98,0,-80.28169014084507,399,80.28169014084507,0,30.6,8.2,0
Villanueva de Huerva,zaragoza,villanueva-de-huerva,50290,922,376,0,-59.219088937093275,546,59.219088937093275,0,30.6,5.5,0
Baldellou,huesca,baldellou,22045,813,82,0,-89.9138991389914,731,89.9138991389914,0,30.5,2.4,0
Sena,huesca,sena,22217,1071,476,0,-55.55555555555556,595,55.55555555555556,0,30.5,13.1,0
Castelnou,teruel,castelnou,44067,680,99,0,-85.44117647058823,581,85.44117647058823,0,30.4,8.8,0
El Castellar,teruel,el-castellar,44070,489,56,0,-88.5480572597137,433,88.5480572597137,0,30.4,0,0
Frías de Albarracín,teruel,frias-de-albarracin,44109,665,112,0,-83.15789473684211,553,83.15789473684211,0,30.4,10.7,0
Libros,teruel,libros,44135,607,102,0,-83.19604612850083,505,83.19604612850083,0,30.4,3.9,0
Mas de las Matas,teruel,mas-de-las-matas,44145,1981,1225,0,-38.16254416961131,756,38.16254416961131,0,30.4,10.9,0
Aliaga,teruel,aliaga,44017,1754,345,0,-80.33067274800456,1409,80.33067274800456,0,30.3,9.2,0
Castejón del Puente,huesca,castejon-del-puente,22082,621,334,0,-46.2157809983897,287,46.2157809983897,0,30.3,11.7,0
Blecua y Torres,huesca,blecua-y-torres,22064,769,172,0,-77.6332899869961,597,77.6332899869961,0,30.2,4.1,0
Valle de Hecho,huesca,valle-de-hecho,22901,2935,798,0,-72.81090289608177,2137,72.81090289608177,0,30.2,8,0
Piracés,huesca,piraces,22181,242,95,0,-60.74380165289256,147,60.74380165289256,0,30.1,9.7,0
Retascón,zaragoza,retascon,50224,180,73,0,-59.44444444444444,107,59.44444444444444,0,30.1,6.8,0
Trasmoz,zaragoza,trasmoz,50265,341,83,0,-75.65982404692082,258,75.65982404692082,0,30.1,10.8,0
Ayerbe,huesca,ayerbe,22039,2609,1066,0,-59.14143349942507,1543,59.14143349942507,0,30,10.6,0
Codos,zaragoza,codos,50086,1122,217,0,-80.65953654188948,905,80.65953654188948,0,30,11.7,0
Montalbán,teruel,montalban,44155,2020,1165,0,-42.32673267326732,855,42.32673267326732,0,30,10.8,0
Ballobar,huesca,ballobar,22046,2333,864,0,-62.9661380197171,1469,62.9661380197171,0,29.9,11.7,0
Gotor,zaragoza,gotor,50121,874,306,0,-64.98855835240275,568,64.98855835240275,0,29.9,6.1,0
Mirambel,teruel,mirambel,44149,835,107,0,-87.18562874251496,728,87.18562874251496,0,29.9,14,0
Angüés,huesca,angues,22027,1912,364,0,-80.9623430962343,1548,80.9623430962343,0,29.8,7.2,0
Azuara,zaragoza,azuara,50039,2388,537,0,-77.51256281407035,1851,77.51256281407035,0,29.8,6.1,0
Bañón,teruel,banon,44034,693,155,0,-77.63347763347764,538,77.63347763347764,0,29.7,9.7,0
Fréscano,zaragoza,frescano,50111,505,194,0,-61.584158415841586,311,61.584158415841586,0,29.7,8.7,0
Miedes de Aragón,zaragoza,miedes-de-aragon,50169,916,403,0,-56.00436681222707,513,56.00436681222707,0,29.7,8.2,0
Pozán de Vero,huesca,pozan-de-vero,22186,885,235,0,-73.44632768361582,650,73.44632768361582,0,29.7,16.1,0
Benabarre,huesca,benabarre,22053,2887,1137,0,-60.61655697956356,1750,60.61655697956356,0,29.6,13.2,0
Lucena de Jalón,zaragoza,lucena-de-jalon,50146,469,224,0,-52.23880597014925,245,52.23880597014925,0,29.6,12.4,0
Hoz de Jaca,huesca,hoz-de-jaca,22122,160,77,0,-51.87500000000001,83,51.87500000000001,0,29.5,1.3,0
La Fueva,huesca,la-fueva,22113,2691,597,0,-77.8149386845039,2094,77.8149386845039,0,29.5,12.8,0
Martín del Río,teruel,martin-del-rio,44144,729,370,0,-49.24554183813443,359,49.24554183813443,0,29.5,10.3,0
Yebra de Basa,huesca,yebra-de-basa,22252,867,160,0,-81.54555940023069,707,81.54555940023069,0,29.4,10.6,0
Ababuj,teruel,ababuj,44001,459,74,0,-83.87799564270153,385,83.87799564270153,0,29.3,8,0
Morata de Jiloca,zaragoza,morata-de-jiloca,50176,897,235,0,-73.8015607580825,662,73.8015607580825,0,29.3,6.8,0
Bordón,teruel,bordon,44044,586,113,0,-80.71672354948805,473,80.71672354948805,0,29.2,15,0
Capella,huesca,capella,22080,1008,351,0,-65.17857142857143,657,65.17857142857143,0,29.2,10.3,0
Chalamera,huesca,chalamera,22094,427,131,0,-69.3208430913349,296,69.3208430913349,0,29.2,10,0
Fabara,zaragoza,fabara,50102,2089,1047,0,-49.88032551460029,1042,49.88032551460029,0,29.2,11.2,0
La Ginebrosa,teruel,la-ginebrosa,44118,1116,196,0,-82.43727598566308,920,82.43727598566308,0,29.2,13.3,0
Pancrudo,teruel,pancrudo,44177,1000,113,0,-88.7,887,88.7,0,29.2,7.1,0
Sierra de Luna,zaragoza,sierra-de-luna,50244,651,259,0,-60.215053763440864,392,60.215053763440864,0,29.2,11.3,0
Albalatillo,huesca,albalatillo,22008,464,211,0,-54.525862068965516,253,54.525862068965516,0,29.1,8.5,0
Ateca,zaragoza,ateca,50038,3126,1732,0,-44.593730006397955,1394,44.593730006397955,0,29.1,8.7,0
El Frago,zaragoza,el-frago,50109,561,134,0,-76.11408199643493,427,76.11408199643493,0,29.1,11.9,0
Rueda de Jalón,zaragoza,rueda-de-jalon,50228,896,325,0,-63.72767857142857,571,63.72767857142857,0,29.1,12.9,0
Caminreal,teruel,caminreal,44056,1349,603,0,-55.3002223869533,746,55.3002223869533,0,29,13.3,0
Cosa,teruel,cosa,44085,385,62,0,-83.8961038961039,323,83.8961038961039,0,29,4.8,0
Cretas,teruel,cretas,44086,1562,570,0,-63.50832266325224,992,63.50832266325224,0,29,13.1,0
Ferreruela de Huerva,teruel,ferreruela-de-huerva,44101,262,78,0,-70.22900763358778,184,70.22900763358778,0,28.9,11.8,0
Vencillón,huesca,vencillon,22909,0,393,0,0,-393,0,0,28.9,9.2,0
Villarquemado,teruel,villarquemado,44261,872,870,0,-0.22935779816513763,2,0.22935779816513763,0,28.9,11.5,0
Castillonroy,huesca,castillonroy,22089,863,322,0,-62.6882966396292,541,62.6882966396292,0,28.8,10.3,0
Lascellas-Ponzano,huesca,lascellas-ponzano,22141,996,139,0,-86.04417670682732,857,86.04417670682732,0,28.8,8.6,0
Los Olmos,teruel,los-olmos,44173,600,117,0,-80.5,483,80.5,0,28.8,8.5,0
Seira,huesca,seira,22215,311,146,0,-53.054662379421224,165,53.054662379421224,0,28.8,8.2,0
Formiche Alto,teruel,formiche-alto,44103,1029,158,0,-84.64528668610302,871,84.64528668610302,0,28.7,10,0
La Fresneda,teruel,la-fresneda,44108,1799,459,0,-74.48582545858811,1340,74.48582545858811,0,28.7,10.5,0
Mainar,zaragoza,mainar,50154,471,171,0,-63.69426751592356,300,63.69426751592356,0,28.7,7.6,0
Mazaleón,teruel,mazaleon,44147,1403,481,0,-65.71632216678546,922,65.71632216678546,0,28.7,12.1,0
Torre la Ribera,huesca,torre-la-ribera,22233,362,100,0,-72.37569060773481,262,72.37569060773481,0,28.7,10.9,0
Torla-Ordesa,huesca,torla-ordesa,22230,988,335,0,-66.09311740890689,653,66.09311740890689,0,28.6,8.9,0
Magallón,zaragoza,magallon,50153,2822,1093,0,-61.268603827073,1729,61.268603827073,0,28.5,11.3,0
Mosqueruela,teruel,mosqueruela,44160,3103,544,0,-82.4685787947148,2559,82.4685787947148,0,28.5,14.4,0
Munébrega,zaragoza,munebrega,50183,1300,361,0,-72.23076923076923,939,72.23076923076923,0,28.5,6.8,0
Peraltilla,huesca,peraltilla,22176,439,215,0,-51.025056947608206,224,51.025056947608206,0,28.5,13.6,0
Sádaba,zaragoza,sadaba,50230,1812,1258,0,-30.573951434878587,554,30.573951434878587,0,28.5,8.4,0
Fuendejalón,zaragoza,fuendejalon,50113,1354,763,0,-43.64844903988183,591,43.64844903988183,0,28.4,10.2,0
Villadoz,zaragoza,villadoz,50283,266,81,0,-69.54887218045113,185,69.54887218045113,0,28.4,16,0
Fayón,zaragoza,fayon,50105,1306,430,0,-67.07503828483921,876,67.07503828483921,0,28.3,14,0
Santa Eulalia,teruel,santa-eulalia,44209,1164,1020,0,-12.371134020618557,144,12.371134020618557,0,28.3,10.6,0
Peñarroya de Tastavins,teruel,penarroya-de-tastavins,44179,1702,460,0,-72.97297297297297,1242,72.97297297297297,0,28.2,14.8,0
San Esteban de Litera,huesca,san-esteban-de-litera,22205,1532,641,0,-58.15926892950392,891,58.15926892950392,0,28.2,11.7,0
Ariza,zaragoza,ariza,50034,1578,1082,0,-31.432192648922687,496,31.432192648922687,0,28.1,12.8,0
San Miguel del Cinca,huesca,san-miguel-del-cinca,22903,1922,784,0,-59.20915712799167,1138,59.20915712799167,0,28.1,13.2,0
Tardienta,huesca,tardienta,22226,1531,937,0,-38.79817112998041,594,38.79817112998041,0,28.1,15.6,0
Alcalá de Ebro,zaragoza,alcala-de-ebro,50013,386,243,0,-37.04663212435233,143,37.04663212435233,0,28,8.6,0
Lumpiaque,zaragoza,lumpiaque,50150,1431,862,0,-39.76240391334731,569,39.76240391334731,0,28,13.2,0
Talamantes,zaragoza,talamantes,50250,471,82,0,-82.59023354564756,389,82.59023354564756,0,28,12.2,0
Estopiñán del Castillo,huesca,estopinan-del-castillo,22105,1486,136,0,-90.84791386271871,1350,90.84791386271871,0,27.9,11,0
Osso de Cinca,huesca,osso-de-cinca,22167,728,652,0,-10.43956043956044,76,10.43956043956044,0,27.9,8.5,0
Alcalá de la Selva,teruel,alcala-de-la-selva,44012,1648,378,0,-77.06310679611651,1270,77.06310679611651,0,27.8,9.3,0
Barbués,huesca,barbues,22049,218,90,0,-58.71559633027523,128,58.71559633027523,0,27.8,4.4,0
Beceite,teruel,beceite,44037,2252,562,0,-75.04440497335702,1690,75.04440497335702,0,27.8,10.5,0
Estadilla,huesca,estadilla,22103,1752,822,0,-53.082191780821915,930,53.082191780821915,0,27.8,12.2,0
Abiego,huesca,abiego,22001,1383,264,0,-80.91106290672451,1119,80.91106290672451,0,27.7,9.1,0
Noguera de Albarracín,teruel,noguera-de-albarracin,44163,489,130,0,-73.41513292433538,359,73.41513292433538,0,27.7,9.2,0
Puente la Reina de Jaca,huesca,puente-la-reina-de-jaca,22902,848,264,0,-68.86792452830188,584,68.86792452830188,0,27.7,9.1,0
Secastilla,huesca,secastilla,22214,850,149,0,-82.47058823529412,701,82.47058823529412,0,27.7,12.2,0
Pradilla de Ebro,zaragoza,pradilla-de-ebro,50217,688,546,0,-20.63953488372093,142,20.63953488372093,0,27.6,8.5,0
Alborge,zaragoza,alborge,50012,464,102,0,-78.01724137931035,362,78.01724137931035,0,27.5,7.8,0
Alobras,teruel,alobras,44019,546,69,0,-87.36263736263736,477,87.36263736263736,0,27.5,1.4,0
Bierge,huesca,bierge,22058,1581,243,0,-84.62998102466793,1338,84.62998102466793,0,27.5,8.8,0
Esplús,huesca,esplus,22099,549,664,0,20.9471766848816,-115,-20.9471766848816,0,27.5,11.5,0
Villanueva de Sigena,huesca,villanueva-de-sigena,22251,900,345,0,-61.66666666666667,555,61.66666666666667,0,27.5,8.7,0
Cabra de Mora,teruel,cabra-de-mora,44048,563,66,0,-88.27708703374778,497,88.27708703374778,0,27.3,3,0
Laspaúles,huesca,laspaules,22143,1065,251,0,-76.4319248826291,814,76.4319248826291,0,27.3,7.9,0
Naval,huesca,naval,22160,1550,273,0,-82.38709677419355,1277,82.38709677419355,0,27.2,12.1,0
Nonaspe,zaragoza,nonaspe,50189,1681,1012,0,-39.797739440809046,669,39.797739440809046,0,27.1,12.8,0
Royuela,teruel,royuela,44198,459,225,0,-50.98039215686274,234,50.98039215686274,0,27.1,8.9,0
Aguarón,zaragoza,aguaron,50004,2275,599,0,-73.67032967032966,1676,73.67032967032966,0,27,7.7,0
Ainzón,zaragoza,ainzon,50006,2061,1043,0,-49.39349830179525,1018,49.39349830179525,0,27,10,0
Cuevas de Almudén,teruel,cuevas-de-almuden,44093,243,115,0,-52.674897119341566,128,52.674897119341566,0,27,13.9,0
Herrera de los Navarros,zaragoza,herrera-de-los-navarros,50124,1873,504,0,-73.09129738387612,1369,73.09129738387612,0,27,9.1,0
Vicién,huesca,vicien,22248,374,137,0,-63.36898395721925,237,63.36898395721925,0,27,8,0
Cella,teruel,cella,44076,2567,2690,0,4.791585508375536,-123,-4.791585508375536,0,26.9,12.7,0
Escatrón,zaragoza,escatron,50101,2374,1177,0,-50.4212299915754,1197,50.4212299915754,0,26.9,13.9,0
Senés de Alcubierre,huesca,senes-de-alcubierre,22218,143,52,0,-63.63636363636363,91,63.63636363636363,0,26.9,3.8,0
Alhama de Aragón,zaragoza,alhama-de-aragon,50020,1616,925,0,-42.75990099009901,691,42.75990099009901,0,26.8,9.9,0
Mara,zaragoza,mara,50162,706,161,0,-77.19546742209631,545,77.19546742209631,0,26.8,9.1,0
Bárboles,zaragoza,barboles,50043,640,286,0,-55.3125,354,55.3125,0,26.7,9.5,0
Cetina,zaragoza,cetina,50081,1312,552,0,-57.92682926829268,760,57.92682926829268,0,26.7,9.9,0
Terrer,zaragoza,terrer,50253,975,585,0,-40,390,40,0,26.7,10.1,0
Albalate del Arzobispo,teruel,albalate-del-arzobispo,44008,4291,1933,0,-54.952225588440925,2358,54.952225588440925,0,26.6,12.4,0
Almonacid de la Sierra,zaragoza,almonacid-de-la-sierra,50024,2725,759,0,-72.14678899082568,1966,72.14678899082568,0,26.6,12.9,0
Alquézar,huesca,alquezar,22024,1313,338,0,-74.25742574257426,975,74.25742574257426,0,26.6,10.7,0
Camañas,teruel,camanas,44053,450,127,0,-71.77777777777777,323,71.77777777777777,0,26.6,11.7,0
Grañén,huesca,granen,22116,1431,1696,0,18.51851851851852,-265,-18.51851851851852,0,26.6,13.3,0
Huerto,huesca,huerto,22124,970,226,0,-76.70103092783506,744,76.70103092783506,0,26.6,11.4,0
Jarque de Moncayo,zaragoza,jarque-de-moncayo,50130,1472,381,0,-74.11684782608695,1091,74.11684782608695,0,26.6,8.1,0
Santa Cruz de Moncayo,zaragoza,santa-cruz-de-moncayo,50237,318,124,0,-61.0062893081761,194,61.0062893081761,0,26.6,11.3,0
Linares de Mora,teruel,linares-de-mora,44137,1592,233,0,-85.3643216080402,1359,85.3643216080402,0,26.5,10.3,0
Abizanda,huesca,abizanda,22002,463,163,0,-64.79481641468684,300,64.79481641468684,0,26.4,6.7,0
Ariño,teruel,arino,44029,1366,632,0,-53.733528550512446,734,53.733528550512446,0,26.4,9.4,0
Maluenda,zaragoza,maluenda,50159,1400,915,0,-34.64285714285714,485,34.64285714285714,0,26.4,10.6,0
Novales,huesca,novales,22162,400,165,0,-58.75,235,58.75,0,26.3,12.6,0
Velilla de Jiloca,zaragoza,velilla-de-jiloca,50279,486,74,0,-84.77366255144034,412,84.77366255144034,0,26.3,5.3,0
Híjar,teruel,hijar,44122,3330,1760,0,-47.147147147147145,1570,47.147147147147145,0,26.2,14.3,0
Albeta,zaragoza,albeta,50011,318,141,0,-55.660377358490564,177,55.660377358490564,0,26.1,9.9,0
Berge,teruel,berge,44040,816,216,0,-73.52941176470588,600,73.52941176470588,0,26.1,11,0
Estercuel,teruel,estercuel,44100,964,203,0,-78.94190871369294,761,78.94190871369294,0,26.1,8.9,0
Gallur,zaragoza,gallur,50118,2847,2603,0,-8.570425008781173,244,8.570425008781173,0,26.1,11.9,0
Osera de Ebro,zaragoza,osera-de-ebro,50199,497,428,0,-13.883299798792756,69,13.883299798792756,0,26.1,11,0
Quinto,zaragoza,quinto,50222,2521,1884,0,-25.267750892502978,637,25.267750892502978,0,26,13,0
Torralba de los Sisones,teruel,torralba-de-los-sisones,44220,608,146,0,-75.98684210526315,462,75.98684210526315,0,26,6.8,0
Almunia de San Juan,huesca,almunia-de-san-juan,22022,954,708,0,-25.78616352201258,246,25.78616352201258,0,25.9,13.5,0
Belver de Cinca,huesca,belver-de-cinca,22052,1666,1270,0,-23.769507803121247,396,23.769507803121247,0,25.9,12.5,0
Tamarite de Litera,huesca,tamarite-de-litera,22225,3517,3429,0,-2.502132499289167,88,2.502132499289167,0,25.9,13.3,0
Maella,zaragoza,maella,50152,3325,2089,0,-37.17293233082707,1236,37.17293233082707,0,25.8,14.4,0
Puértolas,huesca,puertolas,22189,1049,224,0,-78.6463298379409,825,78.6463298379409,0,25.7,13.7,0
Torres de Albarracín,teruel,torres-de-albarracin,44229,591,191,0,-67.68189509306261,400,67.68189509306261,0,25.7,13.6,0
Cantavieja,teruel,cantavieja,44059,1962,719,0,-63.35372069317023,1243,63.35372069317023,0,25.5,13.7,0
Maleján,zaragoza,malejan,50156,535,279,0,-47.85046728971963,256,47.85046728971963,0,25.5,12.6,0
Salvatierra de Esca,zaragoza,salvatierra-de-esca,50232,1196,194,0,-83.77926421404682,1002,83.77926421404682,0,25.4,15.5,0
Pueyo de Santa Cruz,huesca,pueyo-de-santa-cruz,22193,420,323,0,-23.095238095238095,97,23.095238095238095,0,25.3,12.7,0
Guadalaviar,teruel,guadalaviar,44120,492,237,0,-51.829268292682926,255,51.829268292682926,0,25.1,8.2,0
Nueno,huesca,nueno,22163,1249,568,0,-54.52361889511609,681,54.52361889511609,0,25.1,15.6,0
Orihuela del Tremedal,teruel,orihuela-del-tremedal,44174,945,458,0,-51.53439153439153,487,51.53439153439153,0,25.1,8.3,0
Albero Bajo,huesca,albero-bajo,22012,205,111,0,-45.85365853658537,94,45.85365853658537,0,25,11.6,0
Bezas,teruel,bezas,44041,357,68,0,-80.95238095238095,289,80.95238095238095,0,25,7.4,0
Illueca,zaragoza,illueca,50126,1823,2727,0,49.58859023587493,-904,-49.58859023587493,0,25,9.2,0
Puertomingalvo,teruel,puertomingalvo,44193,1271,141,0,-88.90637293469709,1130,88.90637293469709,0,25,17.9,0
Valle de Bardají,huesca,valle-de-bardaji,22243,221,55,0,-75.1131221719457,166,75.1131221719457,0,25,3.6,0
Valtorres,zaragoza,valtorres,50277,293,75,0,-74.40273037542661,218,74.40273037542661,0,25,14.5,0
Adahuesca,huesca,adahuesca,22003,725,207,0,-71.44827586206897,518,71.44827586206897,0,24.9,18,0
Daroca,zaragoza,daroca,50094,3493,1919,0,-45.06155167477813,1574,45.06155167477813,0,24.9,12.2,0
La Codoñera,teruel,la-codonera,44080,1342,321,0,-76.08047690014902,1021,76.08047690014902,0,24.9,11.5,0
Luceni,zaragoza,luceni,50147,796,1003,0,26.00502512562814,-207,-26.00502512562814,0,24.9,13,0
Azlor,huesca,azlor,22042,537,157,0,-70.7635009310987,380,70.7635009310987,0,24.8,11.5,0
Graus,huesca,graus,22117,6259,3380,0,-45.997763220961815,2879,45.997763220961815,0,24.8,13.3,0
Mediana de Aragón,zaragoza,mediana-de-aragon,50164,1416,457,0,-67.72598870056498,959,67.72598870056498,0,24.8,11,0
Plasencia de Jalón,zaragoza,plasencia-de-jalon,50211,875,382,0,-56.34285714285714,493,56.34285714285714,0,24.7,12.1,0
Salillas de Jalón,zaragoza,salillas-de-jalon,50231,583,359,0,-38.42195540308747,224,38.42195540308747,0,24.7,14.1,0
Novallas,zaragoza,novallas,50190,1527,859,0,-43.74590700720367,668,43.74590700720367,0,24.6,12.9,0
Arcos de las Salinas,teruel,arcos-de-las-salinas,44026,1353,110,0,-91.869918699187,1243,91.869918699187,0,24.5,13.6,0
Bronchales,teruel,bronchales,44045,950,451,0,-52.526315789473685,499,52.526315789473685,0,24.5,11.7,0
Mequinenza,zaragoza,mequinenza,50165,2842,2232,0,-21.46375791695989,610,21.46375791695989,0,24.5,12.6,0
Perales del Alfambra,teruel,perales-del-alfambra,44182,817,271,0,-66.82986536107711,546,66.82986536107711,0,24.5,13.9,0
Alcolea de Cinca,huesca,alcolea-de-cinca,22017,2409,1109,0,-53.964300539643006,1300,53.964300539643006,0,24.4,12.4,0
Bonansa,huesca,bonansa,22067,421,86,0,-79.57244655581948,335,79.57244655581948,0,24.4,12.8,0
Lupiñén-Ortilla,huesca,lupinen-ortilla,22905,1138,349,0,-69.33216168717048,789,69.33216168717048,0,24.4,11.7,0
Bulbuente,zaragoza,bulbuente,50060,1052,240,0,-77.18631178707224,812,77.18631178707224,0,24.3,9.2,0
Fiscal,huesca,fiscal,22109,2505,379,0,-84.87025948103792,2126,84.87025948103792,0,24.3,11.2,0
Malón,zaragoza,malon,50157,1230,442,0,-64.0650406504065,788,64.0650406504065,0,24.3,15.4,0
Peñalba,huesca,penalba,22172,1158,695,0,-39.98272884283247,463,39.98272884283247,0,24.3,8.6,0
Santa Cruz de la Serós,huesca,santa-cruz-de-la-seros,22209,422,188,0,-55.45023696682464,234,55.45023696682464,0,24.3,11.6,0
Urrea de Jalón,zaragoza,urrea-de-jalon,50269,801,440,0,-45.068664169787766,361,45.068664169787766,0,24.3,14.6,0
Nuévalos,zaragoza,nuevalos,50192,902,306,0,-66.07538802660754,596,66.07538802660754,0,24.2,11.6,0
Bielsa,huesca,bielsa,22057,971,487,0,-49.845520082389285,484,49.845520082389285,0,24.1,9.1,0
Banastás,huesca,banastas,22047,113,328,0,190.26548672566372,-215,-190.26548672566372,0,24,14.3,0
Grisel,zaragoza,grisel,50122,497,96,0,-80.6841046277666,401,80.6841046277666,0,24,12.5,0
Torrente de Cinca,huesca,torrente-de-cinca,22234,1382,1148,0,-16.931982633863964,234,16.931982633863964,0,24,9.1,0
Valdelinares,teruel,valdelinares,44244,825,75,0,-90.9090909090909,750,90.9090909090909,0,24,5.3,0
Bujaraloz,zaragoza,bujaraloz,50059,1510,953,0,-36.88741721854304,557,36.88741721854304,0,23.9,12.2,0
Camarena de la Sierra,teruel,camarena-de-la-sierra,44054,882,142,0,-83.90022675736961,740,83.90022675736961,0,23.9,15.5,0
Loscorrales,huesca,loscorrales,22151,371,104,0,-71.96765498652292,267,71.96765498652292,0,23.8,16.2,0
Villarroya de los Pinares,teruel,villarroya-de-los-pinares,44262,1095,163,0,-85.11415525114155,932,85.11415525114155,0,23.8,11.6,0
Sahún,huesca,sahun,22200,871,319,0,-63.375430539609646,552,63.375430539609646,0,23.7,10,0
Villel,teruel,villel,44264,1182,337,0,-71.48900169204738,845,71.48900169204738,0,23.7,14.5,0
Albalate de Cinca,huesca,albalate-de-cinca,22007,1519,1142,0,-24.818959842001316,377,24.818959842001316,0,23.6,12.4,0
Cañizar del Olivar,teruel,canizar-del-olivar,44063,507,111,0,-78.10650887573965,396,78.10650887573965,0,23.6,18.2,0
Monroyo,teruel,monroyo,44154,1284,308,0,-76.01246105919003,976,76.01246105919003,0,23.6,13.7,0
Aguilar del Alfambra,teruel,aguilar-del-alfambra,44005,524,82,0,-84.35114503816794,442,84.35114503816794,0,23.5,11.1,0
Tauste,zaragoza,tauste,50252,4530,6817,0,50.48565121412803,-2287,-50.48565121412803,0,23.5,12.9,0
Albero Alto,huesca,albero-alto,22011,360,128,0,-64.44444444444444,232,64.44444444444444,0,23.4,14.1,0
Altorricón,huesca,altorricon,22025,532,1472,0,176.69172932330827,-940,-176.69172932330827,0,23.4,14,0
Cedrillas,teruel,cedrillas,44074,957,647,0,-32.39289446185998,310,32.39289446185998,0,23.4,14.1,0
Binaced,huesca,binaced,22060,1774,1601,0,-9.751972942502817,173,9.751972942502817,0,23.3,12.6,0
Camarillas,teruel,camarillas,44055,816,120,0,-85.29411764705883,696,85.29411764705883,0,23.3,9.2,0
Castigaleu,huesca,castigaleu,22087,266,87,0,-67.29323308270678,179,67.29323308270678,0,23.3,14,0
Sabiñánigo,huesca,sabinanigo,22199,4884,9592,0,96.3963963963964,-4708,-96.3963963963964,0,23.3,13.3,0
Vierlas,zaragoza,vierlas,50281,230,90,0,-60.86956521739131,140,60.86956521739131,0,23.3,12.2,0
Paracuellos de Jiloca,zaragoza,paracuellos-de-jiloca,50201,712,607,0,-14.747191011235955,105,14.747191011235955,0,23.2,10.4,0
Torralba de Aragón,huesca,torralba-de-aragon,22232,443,107,0,-75.84650112866818,336,75.84650112866818,0,23.1,11.5,0
Capdesaso,huesca,capdesaso,22079,490,201,0,-58.97959183673469,289,58.97959183673469,0,23,7.4,0
Moscardón,teruel,moscardon,44159,494,61,0,-87.65182186234817,433,87.65182186234817,0,23,13.1,0
Perdiguera,zaragoza,perdiguera,50206,725,544,0,-24.96551724137931,181,24.96551724137931,0,23,9.8,0
Sariñena,huesca,sarinena,22213,4029,4135,0,2.6309257880367336,-106,-2.6309257880367336,0,23,14.7,0
Albarracín,teruel,albarracin,44009,1932,1002,0,-48.13664596273292,930,48.13664596273292,0,22.9,11.7,0
Salas Bajas,huesca,salas-bajas,22202,601,180,0,-70.04991680532446,421,70.04991680532446,0,22.8,11.7,0
Calanda,teruel,calanda,44051,3924,3678,0,-6.269113149847094,246,6.269113149847094,0,22.7,14.4,0
Zaidín,huesca,zaidin,22254,1907,1785,0,-6.397482957524908,122,6.397482957524908,0,22.7,12,0
Tarazona,zaragoza,tarazona,50251,8939,10803,0,20.852444345005033,-1864,-20.852444345005033,0,22.6,14.1,0
Aguaviva,teruel,aguaviva,44004,1781,547,0,-69.28691746209994,1234,69.28691746209994,0,22.5,14.1,0
Alpartir,zaragoza,alpartir,50026,1042,589,0,-43.47408829174665,453,43.47408829174665,0,22.5,12.7,0
Andorra,teruel,andorra,44025,2704,7258,0,168.4171597633136,-4554,-168.4171597633136,0,22.5,13.4,0
Campo,huesca,campo,22074,806,483,0,-40.074441687344915,323,40.074441687344915,0,22.4,10.5,0
Villamayor de Gállego,zaragoza,villamayor-de-gallego,50903,1894,2854,0,50.68637803590285,-960,-50.68637803590285,0,22.4,12.6,0
Zaragoza,zaragoza,zaragoza,50297,98397,686986,0,598.1777899732715,-588589,-598.1777899732715,0,22.4,14,0
Chía,huesca,chia,22095,602,94,0,-84.38538205980066,508,84.38538205980066,0,22.3,14.9,0
Longares,zaragoza,longares,50143,1306,830,0,-36.447166921898926,476,36.447166921898926,0,22.3,10.3,0
Torres de Berrellén,zaragoza,torres-de-berrellen,50262,1136,1506,0,32.57042253521127,-370,-32.57042253521127,0,22.3,14,0
Alcorisa,teruel,alcorisa,44014,3119,3234,0,3.687079192048734,-115,-3.687079192048734,0,22.1,15.7,0
Murillo de Gállego,zaragoza,murillo-de-gallego,50185,1159,203,0,-82.48490077653149,956,82.48490077653149,0,22.1,8.3,0
Calatorao,zaragoza,calatorao,50068,2300,2906,0,26.347826086956523,-606,-26.347826086956523,0,21.9,15,0
San Juan de Plan,huesca,san-juan-de-plan,22207,361,151,0,-58.17174515235457,210,58.17174515235457,0,21.9,12.6,0
Huesca,huesca,huesca,22125,13683,54704,0,299.79536651319154,-41021,-299.79536651319154,0,21.8,15.6,0
Labuerda,huesca,labuerda,22133,425,173,0,-59.29411764705882,252,59.29411764705882,0,21.8,13.2,0
Mallén,zaragoza,mallen,50160,2401,2951,0,22.907122032486463,-550,-22.907122032486463,0,21.6,13.3,0
Muel,zaragoza,muel,50181,1228,1474,0,20.03257328990228,-246,-20.03257328990228,0,21.6,13.9,0
Rubielos de Mora,teruel,rubielos-de-mora,44201,2284,615,0,-73.07355516637479,1669,73.07355516637479,0,21.6,11.9,0
Barbastro,huesca,barbastro,22048,7301,17558,0,140.48760443774825,-10257,-140.48760443774825,0,21.5,15.3,0
Anento,zaragoza,anento,50028,387,112,0,-71.0594315245478,275,71.0594315245478,0,21.4,1.8,0
Sarrión,teruel,sarrion,44210,2233,1216,0,-45.54411106135244,1017,45.54411106135244,0,21.4,19.3,0
Villafranca de Ebro,zaragoza,villafranca-de-ebro,50285,663,835,0,25.94268476621418,-172,-25.94268476621418,0,21.4,12.1,0
Biescas,huesca,biescas,22059,3509,1609,0,-54.14648047876888,1900,54.14648047876888,0,21.3,11.3,0
Bijuesca,zaragoza,bijuesca,50050,833,93,0,-88.83553421368548,740,88.83553421368548,0,21.3,2.1,0
Botorrita,zaragoza,botorrita,50056,351,579,0,64.95726495726495,-228,-64.95726495726495,0,21.3,14.3,0
Calatayud,zaragoza,calatayud,50067,11958,19850,0,65.99765847131629,-7892,-65.99765847131629,0,21.2,13.7,0
Valderrobres,teruel,valderrobres,44246,3058,2545,0,-16.775670372792675,513,16.775670372792675,0,21.2,15.1,0
Jaraba,zaragoza,jaraba,50129,491,295,0,-39.91853360488798,196,39.91853360488798,0,21,15.3,0
Pastriz,zaragoza,pastriz,50203,707,1305,0,84.58274398868458,-598,-84.58274398868458,0,21,12.8,0
Teruel,teruel,teruel,44216,12745,36713,0,188.0580619850922,-23968,-188.0580619850922,0,21,15.3,0
Calamocha,teruel,calamocha,44050,6017,4542,0,-24.513877347515372,1475,24.513877347515372,0,20.9,15.2,0
Manzanera,teruel,manzanera,44143,2750,539,0,-80.4,2211,80.4,0,20.9,12.1,0
Utrillas,teruel,utrillas,44238,712,3102,0,335.6741573033708,-2390,-335.6741573033708,0,20.9,14.4,0
Velilla de Cinca,huesca,velilla-de-cinca,22245,1089,507,0,-53.4435261707989,582,53.4435261707989,0,20.9,13,0
Galve,teruel,galve,44115,468,144,0,-69.23076923076923,324,69.23076923076923,0,20.8,12.5,0
Ejea de los Caballeros,zaragoza,ejea-de-los-caballeros,50095,5271,17133,0,225.04268639726806,-11862,-225.04268639726806,0,20.7,14.5,0
Figueruelas,zaragoza,figueruelas,50107,367,1270,0,246.04904632152588,-903,-246.04904632152588,0,20.7,12,0
Santa Cilia,huesca,santa-cilia,22208,567,244,0,-56.96649029982363,323,56.96649029982363,0,20.6,15.4,0
Foz-Calanda,teruel,foz-calanda,44107,786,281,0,-64.24936386768448,505,64.24936386768448,0,20.5,15.2,0
Borja,zaragoza,borja,50055,5667,5191,0,-8.399505911416975,476,8.399505911416975,0,20.4,15.8,0
Castiello de Jaca,huesca,castiello-de-jaca,22086,523,265,0,-49.330783938814534,258,49.330783938814534,0,20.4,11.3,0
Gúdar,teruel,gudar,44121,730,73,0,-90,657,90,0,20.3,18.9,0
Monreal del Campo,teruel,monreal-del-campo,44153,2330,2541,0,9.05579399141631,-211,-9.05579399141631,0,20.3,18.5,0
Nuez de Ebro,zaragoza,nuez-de-ebro,50193,455,907,0,99.34065934065934,-452,-99.34065934065934,0,20.3,15.6,0
Jaca,huesca,jaca,22130,8964,13883,0,54.87505577867024,-4919,-54.87505577867024,0,20.2,14.3,0
Pina de Ebro,zaragoza,pina-de-ebro,50208,2409,2446,0,1.5359070153590701,-37,-1.5359070153590701,0,20.2,14.1,0
Alcañiz,teruel,alcaniz,44013,7699,16247,0,111.02740615664372,-8548,-111.02740615664372,0,20,16.7,0
Arguis,huesca,arguis,22037,570,165,0,-71.05263157894737,405,71.05263157894737,0,20,14.5,0
Rillo,teruel,rillo,44195,502,98,0,-80.47808764940238,404,80.47808764940238,0,20,7,0
Cariñena,zaragoza,carinena,50073,3313,3456,0,4.316329610624811,-143,-4.316329610624811,0,19.8,15.2,0
Fuentes de Ebro,zaragoza,fuentes-de-ebro,50115,2498,4631,0,85.38831064851881,-2133,-85.38831064851881,0,19.8,15.1,0
Grisén,zaragoza,grisen,50123,360,632,0,75.55555555555556,-272,-75.55555555555556,0,19.8,14.2,0
Sobradiel,zaragoza,sobradiel,50247,421,1127,0,167.6959619952494,-706,-167.6959619952494,0,19.7,16.4,0
Binéfar,huesca,binefar,22061,1556,10118,0,550.2570694087404,-8562,-550.2570694087404,0,19.6,15.6,0
Chimillas,huesca,chimillas,22096,189,410,0,116.93121693121694,-221,-116.93121693121694,0,19.6,12.7,0
Alagón,zaragoza,alagon,50008,3454,7450,0,115.69195136074117,-3996,-115.69195136074117,0,19.5,14.4,0
Alfajarín,zaragoza,alfajarin,50017,910,2415,0,165.3846153846154,-1505,-165.3846153846154,0,19.5,16.5,0
Caspe,zaragoza,caspe,50074,7808,10432,0,33.60655737704918,-2624,-33.60655737704918,0,19.5,17.3,0
Boltaña,huesca,boltana,22066,1926,1102,0,-42.782969885773625,824,42.782969885773625,0,19.3,12,0
Escucha,teruel,escucha,44099,707,772,0,9.193776520509193,-65,-9.193776520509193,0,19.3,14.9,0
Mora de Rubielos,teruel,mora-de-rubielos,44158,3213,1618,0,-49.64207905384376,1595,49.64207905384376,0,19.3,15,0
Broto,huesca,broto,22069,1758,608,0,-65.41524459613197,1150,65.41524459613197,0,19.2,11.7,0
Siétamo,huesca,sietamo,22222,1584,681,0,-57.00757575757576,903,57.00757575757576,0,19.2,14.5,0
Olba,teruel,olba,44171,1802,294,0,-83.68479467258602,1508,83.68479467258602,0,19.1,20.1,0
Fortanete,teruel,fortanete,44106,1570,216,0,-86.24203821656052,1354,86.24203821656052,0,19,13.9,0
Monzón,huesca,monzon,22158,5037,18152,0,260.373238038515,-13115,-260.373238038515,0,19,16.5,0
San Mateo de Gállego,zaragoza,san-mateo-de-gallego,50235,960,3409,0,255.10416666666669,-2449,-255.10416666666669,0,18.9,15.4,0
Épila,zaragoza,epila,50099,3713,4565,0,22.946404524643146,-852,-22.946404524643146,0,18.8,17.6,0
Pedrola,zaragoza,pedrola,50204,2269,3766,0,65.97620096959012,-1497,-65.97620096959012,0,18.7,15.1,0
Villarreal de Huerva,zaragoza,villarreal-de-huerva,50292,469,269,0,-42.643923240938165,200,42.643923240938165,0,18.7,13.9,0
Alfamén,zaragoza,alfamen,50018,628,1494,0,137.89808917197453,-866,-137.89808917197453,0,18.4,15.7,0
Aínsa-Sobrarbe,huesca,ainsa-sobrarbe,22907,3680,2317,0,-37.03804347826087,1363,37.03804347826087,0,18.3,15.5,0
Fraga,huesca,fraga,22112,6934,15390,0,121.94981251802713,-8456,-121.94981251802713,0,18,16.6,0
Villanúa,huesca,villanua,22250,959,571,0,-40.45881126173097,388,40.45881126173097,0,17.9,13.5,0
Villanova,huesca,villanova,22249,279,170,0,-39.06810035842294,109,39.06810035842294,0,17.8,12.4,0
Quicena,huesca,quicena,22195,259,346,0,33.59073359073359,-87,-33.59073359073359,0,17.6,10.6,0
Panticosa,huesca,panticosa,22170,889,909,0,2.249718785151856,-20,-2.249718785151856,0,17.5,11.4,0
Cubla,teruel,cubla,44089,363,58,0,-84.02203856749311,305,84.02203856749311,0,17.2,8.6,0
Villanueva de Gállego,zaragoza,villanueva-de-gallego,50288,1281,4814,0,275.800156128025,-3533,-275.800156128025,0,17.1,15,0
Chiprana,zaragoza,chiprana,50092,1425,500,0,-64.91228070175438,925,64.91228070175438,0,17,13.1,0
Corbalán,teruel,corbalan,44082,484,118,0,-75.6198347107438,366,75.6198347107438,0,16.9,15.3,0
Albentosa,teruel,albentosa,44010,1003,299,0,-70.18943170488534,704,70.18943170488534,0,16.8,16.5,0
Zuera,zaragoza,zuera,50298,2471,8709,0,252.44840145690003,-6238,-252.44840145690003,0,16.7,16.6,0
Castejón de Sos,huesca,castejon-de-sos,22084,813,868,0,6.765067650676507,-55,-6.765067650676507,0,16.6,12.6,0
Sallent de Gállego,huesca,sallent-de-gallego,22204,1420,1516,0,6.760563380281689,-96,-6.760563380281689,0,16.5,12.2,0
Ricla,zaragoza,ricla,50225,2503,2949,0,17.81861765880943,-446,-17.81861765880943,0,16.1,11.1,0
Canfranc,huesca,canfranc,22078,770,612,0,-20.51948051948052,158,20.51948051948052,0,15.8,8.3,0
Villastar,teruel,villastar,44263,737,551,0,-25.237449118046136,186,25.237449118046136,0,15.1,19.3,0
Monflorite-Lascasas,huesca,monflorite-lascasas,22156,452,490,0,8.4070796460177,-38,-8.4070796460177,0,14.8,22.7,0
Sesué,huesca,sesue,22221,360,116,0,-67.77777777777779,244,67.77777777777779,0,14.7,18.1,0
Utebo,zaragoza,utebo,50272,1382,19022,0,1276.410998552822,-17640,-1276.410998552822,0,14.6,17.3,0
Ruesca,zaragoza,ruesca,50229,163,66,0,-59.50920245398773,97,59.50920245398773,0,14.5,8.7,0
Igriés,huesca,igries,22127,446,737,0,65.24663677130044,-291,-65.24663677130044,0,13.7,17.2,0
Pinseque,zaragoza,pinseque,50209,750,4551,0,506.79999999999995,-3801,-506.79999999999995,0,13.7,18.8,0
Benasque,huesca,benasque,22054,1598,2362,0,47.80976220275344,-764,-47.80976220275344,0,12.9,14.6,0
Fuentes de Rubielos,teruel,fuentes-de-rubielos,44113,895,156,0,-82.56983240223464,739,82.56983240223464,0,12.9,21.9,0
Cadrete,zaragoza,cadrete,50066,647,4639,0,617.001545595054,-3992,-617.001545595054,0,12,18.3,0
Undués de Lerda,zaragoza,undues-de-lerda,50268,485,55,0,-88.65979381443299,430,88.65979381443299,0,10.9,12.7,0
La Muela,zaragoza,la-muela,50182,729,6564,0,800.4115226337449,-5835,-800.4115226337449,0,10.1,20.6,0
Tierz,huesca,tierz,22228,310,825,0,166.1290322580645,-515,-166.1290322580645,0,9.4,21.9,0
María de Huerva,zaragoza,maria-de-huerva,50163,581,6371,0,996.5576592082616,-5790,-996.5576592082616,0,8.3,24.1,0
Cuarte de Huerva,zaragoza,cuarte-de-huerva,50089,275,15112,0,5395.272727272727,-14837,-5395.272727272727,0,7.5,24.3,0