year,saldo,nacidos,fallecidos
1975,-66,1775,1841
1976,-19,1806,1825
1977,96,1873,1777
1978,129,1840,1711
1979,222,1876,1654
1980,117,1773,1656
1981,31,1673,1642
1982,22,1593,1571
1983,-173,1529,1702
1984,-236,1522,1758
1985,-203,1475,1678
1986,-227,1479,1706
1987,-164,1396,1560
1988,-198,1364,1562
1989,-345,1273,1618
1990,-266,1304,1570
1991,-538,1190,1728
1992,-446,1186,1632
1993,-530,1166,1696
1994,-554,1153,1707
1995,-709,1026,1735
1996,-662,1005,1667
1997,-765,1067,1832
1998,-812,990,1802
1999,-851,935,1786
2000,-609,1070,1679
2001,-629,1003,1632
2002,-773,909,1682
2003,-772,996,1768
2004,-556,1079,1635
2005,-624,1114,1738
2006,-535,1136,1671
2007,-458,1232,1690
2008,-411,1242,1653
2009,-470,1245,1715
2010,-498,1182,1680
2011,-519,1197,1716
2012,-577,1136,1713
2013,-558,1124,1682
2014,-562,1111,1673
2015,-794,986,1780
2016,-575,1059,1634
2017,-767,946,1713
2018,-819,947,1766
2019,-706,980,1686
2020,-1095,921,2016
2021,-779,917,1696
2022,-922,956,1878
2023,-805,860,1665
