year,teruel,huesca,zaragoza,aragon,teruelP,huescaP,zaragozaP
1900,251994,255100,421023,928117,27.15,27.49,45.36
1910,265908,264984,449501,980393,27.12,27.03,45.85
1920,264062,265603,498590,1028255,25.68,25.83,48.49
1930,263700,257777,530127,1051604,25.08,24.51,50.41
1940,245960,247135,574566,1067661,23.04,23.15,53.82
1950,243269,237681,609393,1090343,22.31,21.80,55.89
1960,223758,234014,641115,1098887,20.36,21.30,58.34
1970,173861,221761,757433,1153055,15.08,19.23,65.69
1981,153457,214907,828588,1196952,12.82,17.95,69.22
1991,143680,207810,837327,1188817,12.09,17.48,70.43
2001,135858,206502,861855,1204215,11.28,17.15,71.57
2011,143178,225971,975395,1344544,10.65,16.81,72.54
2018,134572,219345,954811,1308728,10.28,16.76,72.96
2020,134176,222687,972528,1329391,10.09,16.75,73.16
2021,134545,224264,967452,1326261,10.14,16.91,72.95
2022,134421,225456,966438,1326315,10.13,17.00,72.87
2023,135237,227077,977413,1339727,10.09,16.95,72.96
2024,135661,228634,983539,1347834,10.07,16.96,72.97
