cp,municipio,población,superficie,densidad
22001,Abiego,261,38.19,6.83
22002,Abizanda,162,44.84,3.61
22003,Adahuesca,210,52.47,4.00
22004,Agüero,143,94.16,1.52
22006,Aisa,324,80.97,4.00
22007,Albalate de Cinca,1138,44.23,25.73
22008,Albalatillo,200,9.15,21.86
22009,Albelda,702,51.92,13.52
22011,Albero Alto,125,19.28,6.48
22012,Albero Bajo,130,22.22,5.85
22013,Alberuela de Tubo,308,20.79,14.81
22014,Alcalá de Gurrea,231,71.42,3.23
22015,Alcalá del Obispo,370,47.85,7.73
22016,Alcampell,624,58,10.76
22017,Alcolea de Cinca,1092,83.24,13.12
22018,Alcubierre,412,115.31,3.57
22019,Alerre,221,8.94,24.72
22020,Alfántega,130,8.76,14.84
22021,Almudévar,2439,201.49,12.10
22022,Almunia de San Juan,722,35.66,20.25
22023,Almuniente,440,37.56,11.71
22024,Alquézar,348,32.36,10.75
22025,Altorricón,1429,32.41,44.09
22027,Angüés,373,56.51,6.60
22028,Ansó,418,223.08,1.87
22029,Antillón,133,22.41,5.93
22032,Aragüés del Puerto,120,64.44,1.86
22035,Arén,308,119.32,2.58
22036,Argavieso,119,9,13.22
22037,Arguis,160,62.75,2.55
22039,Ayerbe,1073,63.89,16.79
22040,Azanuy-Alins,175,51.17,3.42
22041,Azara,170,14.49,11.73
22042,Azlor,154,15.89,9.69
22043,Baélls,91,39.82,2.29
22044,Bailo,262,164.43,1.59
22045,Baldellou,90,30.42,2.96
22046,Ballobar,879,127.73,6.88
22047,Banastás,334,4.66,71.67
22048,Barbastro,17295,107,161.64
22049,Barbués,86,19.59,4.39
22050,Barbuñales,96,18.75,5.12
22051,Bárcabo,117,87.92,1.33
22052,Belver de Cinca,1306,82.63,15.81
22053,Benabarre,1168,157.14,7.43
22054,Benasque,2306,233,9.90
22055,Berbegal,322,49.03,6.57
22057,Bielsa,482,202.41,2.38
22058,Bierge,253,145.03,1.74
22059,Biescas,1602,189.09,8.47
22060,Binaced,1577,78.49,20.09
22061,Binéfar,10070,25,402.80
22062,Bisaurri,183,63.19,2.90
22063,Biscarrués,186,30.18,6.16
22064,Blecua y Torres,186,36,5.17
22066,Boltaña,1104,139.45,7.92
22067,Bonansa,92,37.29,2.47
22068,Borau,87,41.72,2.09
22069,Broto,599,128,4.68
22072,Caldearenas,242,192.31,1.26
22074,Campo,463,22.86,20.25
22075,Camporrélls,151,26.71,5.65
22076,Canal de Berdún,337,133.27,2.53
22077,Candasnos,418,122.45,3.41
22078,Canfranc,596,71.56,8.33
22079,Capdesaso,204,17,12.00
22080,Capella,360,60.71,5.93
22081,Casbas de Huesca,291,132.69,2.19
22082,Castejón del Puente,328,25.43,12.90
22083,Castejón de Monegros,478,165.42,2.89
22084,Castejón de Sos,833,31.59,26.37
22085,Castelflorite,102,34.76,2.93
22086,Castiello de Jaca,242,17.31,13.98
22087,Castigaleu,96,26.53,3.62
22088,Castillazuelo,162,15.32,10.57
22089,Castillonroy,324,37.58,8.62
22090,Colungo,128,40.64,3.15
22094,Chalamera,130,11,11.82
22095,Chía,92,26,3.54
22096,Chimillas,396,10.04,39.44
22099,Esplús,673,73,9.22
22102,Estada,203,15.87,12.79
22103,Estadilla,840,50.39,16.67
22105,Estopiñán del Castillo,116,88.71,1.31
22106,Fago,26,28.76,0.90
22107,Fanlo,113,187,0.60
22109,Fiscal,386,170.06,2.27
22110,Fonz,886,51.86,17.08
22111,Foradada del Toscar,158,106.25,1.49
22112,Fraga,15373,437.64,35.13
22113,La Fueva,600,218.85,2.74
22114,Gistaín,122,75,1.63
22115,El Grado,391,63.77,6.13
22116,Grañén,1731,123.98,13.96
22117,Graus,3415,299.79,11.39
22119,Gurrea de Gállego,1450,191.97,7.55
22122,Hoz de Jaca,76,12.45,6.10
22124,Huerto,228,86.72,2.63
22125,Huesca,54136,161.04,336.16
22126,Ibieca,108,14.94,7.23
22127,Igriés,719,19.17,37.51
22128,Ilche,188,63.72,2.95
22129,Isábena,233,118.53,1.97
22130,Jaca,13620,406.34,33.52
22131,Jasa,102,8,12.75
22133,Labuerda,162,17.85,9.08
22135,Laluenga,202,36.47,5.54
22136,Lalueza,882,88.19,10.00
22137,Lanaja,1173,183,6.41
22139,Laperdiguera,91,11.32,8.04
22141,Lascellas-Ponzano,135,27.33,4.94
22142,Lascuarre,138,31.87,4.33
22143,Laspaúles,234,81.75,2.86
22144,Laspuña,279,45.29,6.16
22149,Loarre,350,74.42,4.70
22150,Loporzano,580,169.28,3.43
22151,Loscorrales,99,40.25,2.46
22155,Monesma y Cajigar,66,62,1.06
22156,Monflorite-Lascasas,468,29.16,16.05
22157,Montanuy,241,174,1.39
22158,Monzón,17839,155.02,115.08
22160,Naval,265,47.32,5.60
22162,Novales,172,20.08,8.57
22163,Nueno,574,147.24,3.90
22164,Olvena,67,15.89,4.22
22165,Ontiñena,519,136.96,3.79
22167,Osso de Cinca,638,27.66,23.07
22168,Palo,32,14.41,2.22
22170,Panticosa,894,95,9.41
22172,Peñalba,726,156,4.65
22173,Las Peñas de Riglos,272,217.87,1.25
22174,Peralta de Alcofea,614,116.14,5.29
22175,Peralta de Calasanz,272,114.88,2.37
22176,Peraltilla,225,16,14.06
22177,Perarrúa,113,30.05,3.76
22178,Pertusa,137,29.37,4.66
22181,Piracés,96,25.15,3.82
22182,Plan,281,92.53,3.04
22184,Poleñino,197,33.02,5.97
22186,Pozán de Vero,235,14.75,15.93
22187,La Puebla de Castro,419,29.42,14.24
22188,Puente de Montañana,100,48.56,2.06
22189,Puértolas,222,99.86,2.22
22190,El Pueyo de Araguás,173,61.84,2.80
22193,Pueyo de Santa Cruz,329,9.29,35.41
22195,Quicena,329,9.67,34.02
22197,Robres,523,64,8.17
22199,Sabiñánigo,9423,586.82,16.06
22200,Sahún,319,73.36,4.35
22201,Salas Altas,312,20.74,15.04
22202,Salas Bajas,191,12.93,14.77
22203,Salillas,104,28.33,3.67
22204,Sallent de Gállego,1554,162.14,9.58
22205,San Esteban de Litera,620,71,8.73
22206,Sangarrén,211,32.22,6.55
22207,San Juan de Plan,154,55.53,2.77
22208,Santa Cilia,251,28.08,8.94
22209,Santa Cruz de la Serós,192,26.97,7.12
22212,Santaliestra y San Quílez,77,23.34,3.30
22213,Sariñena,4131,275.57,14.99
22214,Secastilla,148,47.42,3.12
22215,Seira,161,69,2.33
22217,Sena,486,104.69,4.64
22218,Senés de Alcubierre,45,20.53,2.19
22220,Sesa,157,30.84,5.09
22221,Sesué,126,5.35,23.55
22222,Siétamo,686,48.98,14.01
22223,Sopeira,91,44.09,2.06
22225,Tamarite de Litera,3393,110.58,30.68
22226,Tardienta,929,90.65,10.25
22227,Tella-Sin,227,90.33,2.51
22228,Tierz,823,6.54,125.84
22229,Tolva,125,58.97,2.12
22230,Torla-Ordesa,312,185.21,1.68
22232,Torralba de Aragón,109,40.39,2.70
22233,Torre la Ribera,97,32.06,3.03
22234,Torrente de Cinca,1121,56.77,19.75
22235,Torres de Alcanadre,82,17.64,4.65
22236,Torres de Barbués,260,13.94,18.65
22239,Tramaced,108,15.42,7.00
22242,Valfarta,62,33,1.88
22243,Valle de Bardají,60,45.48,1.32
22244,Valle de Lierp,60,32.76,1.83
22245,Velilla de Cinca,497,16.54,30.05
22246,Beranuy,68,63.75,1.07
22247,Viacamp y Litera,40,107.74,0.37
22248,Vicién,139,13.76,10.10
22249,Villanova,176,7.05,24.96
22250,Villanúa,553,58.19,9.50
22251,Villanueva de Sigena,341,146.47,2.33
22252,Yebra de Basa,161,90.88,1.77
22253,Yésero,63,30.23,2.08
22254,Zaidín,1784,92.55,19.28
22901,Valle de Hecho,799,234.43,3.41
22902,Puente la Reina de Jaca,276,48.13,5.73
22903,San Miguel del Cinca,799,106.49,7.50
22904,La Sotonera,915,165.54,5.53
22905,Lupiñén-Ortilla,342,110.07,3.11
22906,Santa María de Dulcis,206,27,7.63
22907,Aínsa-Sobrarbe,2297,284.77,8.07
22908,Hoz y Costean,240,57.48,4.18
22909,Vencillón,408,10.37,39.34
44001,Ababuj,70,54,1.30
44002,Abejuela,55,86.67,0.63
44003,Aguatón,15,21.64,0.69
44004,Aguaviva,565,42.15,13.40
44005,Aguilar del Alfambra,83,39.04,2.13
44006,Alacón,212,47,4.51
44007,Alba,187,69.53,2.69
44008,Albalate del Arzobispo,1955,205.69,9.50
44009,Albarracín,1015,452.72,2.24
44010,Albentosa,302,68,4.44
44011,Alcaine,48,57.38,0.84
44012,Alcalá de la Selva,382,104.95,3.64
44013,Alcañiz,16151,472.12,34.21
44014,Alcorisa,3243,121,26.80
44016,Alfambra,482,122.44,3.94
44017,Aliaga,343,193.08,1.78
44018,Almohaja,17,25.55,0.67
44019,Alobras,71,30.72,2.31
44020,Alpeñés,25,28.62,0.87
44021,Allepuz,121,67.26,1.80
44022,Alloza,540,81,6.67
44023,Allueva,27,18.65,1.45
44024,Anadón,33,24.62,1.34
44025,Andorra,7214,141.36,51.03
44026,Arcos de las Salinas,116,112.99,1.03
44027,Arens de Lledó,205,34.27,5.98
44028,Argente,193,62.58,3.08
44029,Ariño,649,81.93,7.92
44031,Azaila,98,81.44,1.20
44032,Bádenas,21,31.31,0.67
44033,Báguena,270,25.17,10.73
44034,Bañón,151,54.27,2.78
44035,Barrachina,120,24.86,4.83
44036,Bea,28,23.37,1.20
44037,Beceite,569,96.72,5.88
44038,Belmonte de San José,127,33.99,3.74
44039,Bello,217,52.49,4.13
44040,Berge,226,42.64,5.30
44041,Bezas,64,26.32,2.43
44042,Blancas,135,73,1.85
44043,Blesa,78,80.39,0.97
44044,Bordón,112,29.98,3.74
44045,Bronchales,454,59,7.69
44046,Bueña,54,40.75,1.33
44047,Burbáguena,376,39.02,9.64
44048,Cabra de Mora,71,34.31,2.07
44049,Calaceite,979,81.33,12.04
44050,Calamocha,4505,316.63,14.23
44051,Calanda,3759,112.25,33.49
44052,Calomarde,73,28.18,2.59
44053,Camañas,132,78.67,1.68
44054,Camarena de la Sierra,134,79.54,1.68
44055,Camarillas,119,50.55,2.35
44056,Caminreal,617,44.39,13.90
44059,Cantavieja,726,124.56,5.83
44060,Cañada de Benatanduz,34,34.89,0.97
44061,La Cañada de Verich,88,10.86,8.10
44062,Cañada Vellida,40,23,1.74
44063,Cañizar del Olivar,103,22.29,4.62
44064,Cascante del Río,70,32.38,2.16
44065,Castejón de Tornos,68,30.89,2.20
44066,Castel de Cabra,89,29.44,3.02
44067,Castelnou,108,37.09,2.91
44068,Castelserás,795,31.52,25.22
44070,El Castellar,55,50.33,1.09
44071,Castellote,678,235.18,2.88
44074,Cedrillas,653,73.57,8.88
44075,Celadas,345,100.45,3.43
44076,Cella,2644,124.68,21.21
44077,La Cerollera,75,33.75,2.22
44080,La Codoñera,320,20.97,15.26
44082,Corbalán,113,82.44,1.37
44084,Cortes de Aragón,61,24.43,2.50
44085,Cosa,61,54.81,1.11
44086,Cretas,556,52.66,10.56
44087,Crivillén,90,42.03,2.14
44088,La Cuba,49,6.51,7.53
44089,Cubla,71,48.63,1.46
44090,Cucalón,78,31.93,2.44
44092,El Cuervo,98,20.76,4.72
44093,Cuevas de Almudén,119,35.85,3.32
44094,Cuevas Labradas,135,40.81,3.31
44096,Ejulve,176,109.49,1.61
44097,Escorihuela,141,56.99,2.47
44099,Escucha,766,41.57,18.43
44100,Estercuel,196,55.59,3.53
44101,Ferreruela de Huerva,71,20.44,3.47
44102,Fonfría,32,20.58,1.55
44103,Formiche Alto,159,78.17,2.03
44105,Fórnoles,84,32.56,2.58
44106,Fortanete,222,168.21,1.32
44107,Foz-Calanda,279,37.87,7.37
44108,La Fresneda,463,39.48,11.73
44109,Frías de Albarracín,111,50.79,2.19
44110,Fuenferrada,37,24.53,1.51
44111,Fuentes Calientes,81,25.01,3.24
44112,Fuentes Claras,435,36.91,11.79
44113,Fuentes de Rubielos,169,38.91,4.34
44114,Fuentespalda,288,39,7.38
44115,Galve,144,61.23,2.35
44116,Gargallo,91,30.08,3.03
44117,Gea de Albarracín,452,57,7.93
44118,La Ginebrosa,192,80,2.40
44119,Griegos,140,31.77,4.41
44120,Guadalaviar,242,28.08,8.62
44121,Gúdar,70,60.77,1.15
44122,Híjar,1797,165.36,10.87
44123,Hinojosa de Jarque,104,36.47,2.85
44124,La Hoz de la Vieja,87,43.73,1.99
44125,Huesa del Común,64,61.69,1.04
44126,La Iglesuela del Cid,382,40.29,9.48
44127,Jabaloyas,74,61.73,1.20
44128,Jarque de la Val,64,29.23,2.19
44129,Jatiel,46,10.84,4.24
44130,Jorcas,43,26,1.65
44131,Josa,37,28.23,1.31
44132,Lagueruela,72,26.32,2.74
44133,Lanzuela,28,14.22,1.97
44135,Libros,101,37.91,2.66
44136,Lidón,51,40,1.27
44137,Linares de Mora,232,116.28,2.00
44138,Loscos,116,83.99,1.38
44141,Lledó,171,15.61,10.95
44142,Maicas,32,24.74,1.29
44143,Manzanera,540,168.66,3.20
44144,Martín del Río,370,54.88,6.74
44145,Mas de las Matas,1237,29.99,41.25
44146,La Mata de los Olmos,281,23.73,11.84
44147,Mazaleón,487,86.25,5.65
44148,Mezquita de Jarque,82,31.14,2.63
44149,Mirambel,105,45.47,2.31
44150,Miravete de la Sierra,28,36.51,0.77
44151,Molinos,225,79.61,2.83
44152,Monforte de Moyuela,83,47.74,1.74
44153,Monreal del Campo,2486,89.05,27.92
44154,Monroyo,315,79.23,3.98
44155,Montalbán,1180,82.04,14.38
44156,Monteagudo del Castillo,43,44.36,0.97
44157,Monterde de Albarracín,56,45.21,1.24
44158,Mora de Rubielos,1568,166.23,9.43
44159,Moscardón,56,26.93,2.08
44160,Mosqueruela,538,265.03,2.03
44161,Muniesa,571,129,4.43
44163,Noguera de Albarracín,131,47.44,2.76
44164,Nogueras,32,18.85,1.70
44165,Nogueruelas,192,99.49,1.93
44167,Obón,35,68.38,0.51
44168,Odón,207,74.24,2.79
44169,Ojos Negros,330,90.92,3.63
44171,Olba,279,20.99,13.29
44172,Oliete,349,85.48,4.08
44173,Los Olmos,119,43.97,2.71
44174,Orihuela del Tremedal,453,71.52,6.33
44175,Orrios,122,44.23,2.76
44176,Palomar de Arroyos,167,33.62,4.97
44177,Pancrudo,114,100.12,1.14
44178,Las Parras de Castellote,61,42.13,1.45
44179,Peñarroya de Tastavins,443,83.28,5.32
44180,Peracense,75,28.66,2.62
44181,Peralejos,86,36,2.39
44182,Perales del Alfambra,264,104.24,2.53
44183,Pitarque,65,54.35,1.20
44184,Plou,49,17.21,2.85
44185,El Pobo,102,63,1.62
44187,La Portellada,242,21.37,11.32
44189,Pozondón,54,67.64,0.80
44190,Pozuel del Campo,66,27.85,2.37
44191,La Puebla de Híjar,917,60.80,15.08
44192,La Puebla de Valverde,470,282.76,1.66
44193,Puertomingalvo,137,103.62,1.32
44194,Ráfales,150,35.61,4.21
44195,Rillo,97,53.31,1.82
44196,Riodeva,132,34.34,3.84
44197,Ródenas,62,44.26,1.40
44198,Royuela,231,32,7.22
44199,Rubiales,42,27.42,1.53
44200,Rubielos de la Cérida,30,66,0.45
44201,Rubielos de Mora,627,66,9.50
44203,Salcedillo,10,16.89,0.59
44204,Saldón,21,28.37,0.74
44205,Samper de Calanda,725,142,5.11
44206,San Agustín,134,56.57,2.37
44207,San Martín del Río,135,16.57,8.15
44208,Santa Cruz de Nogueras,23,15.17,1.52
44209,Santa Eulalia,1017,80.97,12.56
44210,Sarrión,1197,140.44,8.52
44211,Segura de los Baños,42,54.15,0.78
44212,Seno,41,17.85,2.30
44213,Singra,80,36.72,2.18
44215,Terriente,206,47.98,4.29
44216,Teruel,36267,440.41,82.35
44217,Toril y Masegoso,33,30.67,1.08
44218,Tormón,33,29.34,1.12
44219,Tornos,191,48.95,3.90
44220,Torralba de los Sisones,148,44.78,3.31
44221,Torrecilla de Alcañiz,440,26.76,16.44
44222,Torrecilla del Rebollar,125,63.44,1.97
44223,Torre de Arcas,82,34.28,2.39
44224,Torre de las Arcas,24,37.17,0.65
44225,Torre del Compte,118,19.46,6.06
44226,Torrelacárcel,135,35.54,3.80
44227,Torre los Negros,76,29.15,2.61
44228,Torremocha de Jiloca,110,33.94,3.24
44229,Torres de Albarracín,191,28.31,6.75
44230,Torrevelilla,169,33.44,5.05
44231,Torrijas,36,57.34,0.63
44232,Torrijo del Campo,502,44.04,11.40
44234,Tramacastiel,62,47.29,1.31
44235,Tramacastilla,109,24.81,4.39
44236,Tronchón,61,57.11,1.07
44237,Urrea de Gaén,447,41.12,10.87
44238,Utrillas,3088,39.82,77.55
44239,Valacloche,26,15.02,1.73
44240,Valbona,192,40.72,4.72
44241,Valdealgorfa,589,46.93,12.55
44243,Valdecuenca,31,18.64,1.66
44244,Valdelinares,80,55.09,1.45
44245,Valdeltormo,313,16,19.56
44246,Valderrobres,2517,124.04,20.29
44247,Valjunquera,331,41.84,7.91
44249,El Vallecillo,37,21.59,1.71
44250,Veguillas de la Sierra,20,13.67,1.46
44251,Villafranca del Campo,302,63.64,4.75
44252,Villahermosa del Campo,93,19,4.89
44256,Villanueva del Rebollar de la Sierra,44,18.99,2.32
44257,Villar del Cobo,163,54.13,3.01
44258,Villar del Salz,59,38.69,1.52
44260,Villarluengo,181,157.89,1.15
44261,Villarquemado,865,56.43,15.33
44262,Villarroya de los Pinares,168,66.43,2.53
44263,Villastar,543,39.05,13.91
44264,Villel,326,85.38,3.82
44265,Vinaceite,200,50.07,3.99
44266,Visiedo,130,55.53,2.34
44267,Vivel del Río Martín,67,51.16,1.31
44268,La Zoma,27,14,1.93
50001,Abanto,86,63.84,1.35
50002,Acered,139,30,4.63
50003,Agón,134,18.52,7.24
50004,Aguarón,580,36.62,15.84
50005,Aguilón,268,59.45,4.51
50006,Ainzón,1055,40.46,26.08
50007,Aladrén,64,21.06,3.04
50008,Alagón,7257,24.22,299.63
50009,Alarba,94,19,4.95
50010,Alberite de San Juan,82,11.23,7.30
50011,Albeta,141,2.65,53.21
50012,Alborge,105,4.84,21.69
50013,Alcalá de Ebro,240,9.87,24.32
50014,Alcalá de Moncayo,151,13.76,10.97
50015,Alconchel de Ariza,76,34.85,2.18
50016,Aldehuela de Liestos,51,38.04,1.34
50017,Alfajarín,2439,137.57,17.73
50018,Alfamén,1472,102.04,14.43
50019,Alforque,65,10.62,6.12
50020,Alhama de Aragón,925,31.14,29.70
50021,Almochuel,20,32,0.63
50022,La Almolda,548,131.33,4.17
50023,Almonacid de la Cuba,227,55.21,4.11
50024,Almonacid de la Sierra,775,55.21,14.04
50025,La Almunia de Doña Godina,7914,56.65,139.70
50026,Alpartir,570,32.54,17.52
50027,Ambel,248,61,4.07
50028,Anento,111,21.52,5.16
50029,Aniñón,676,52.46,12.89
50030,Añón de Moncayo,214,64.19,3.33
50031,Aranda de Moncayo,129,91,1.42
50032,Arándiga,266,50.22,5.30
50033,Ardisa,76,27.28,2.79
50034,Ariza,1059,103.08,10.27
50035,Artieda,80,13.57,5.90
50036,Asín,101,18.47,5.47
50037,Atea,137,34.67,3.95
50038,Ateca,1697,84.71,20.03
50039,Azuara,527,165.81,3.18
50040,Badules,75,20.09,3.73
50041,Bagüés,18,30.72,0.59
50042,Balconchán,17,19,0.89
50043,Bárboles,289,15.68,18.43
50044,Bardallur,232,27.34,8.49
50045,Belchite,1530,273.68,5.59
50046,Belmonte de Gracián,178,43.68,4.08
50047,Berdejo,37,19.39,1.91
50048,Berrueco,33,19,1.74
50050,Bijuesca,95,57.08,1.66
50051,Biota,855,128,6.68
50052,Bisimbre,84,11.22,7.49
50053,Boquiñeni,780,18.87,41.34
50054,Bordalba,49,41.58,1.18
50055,Borja,5076,107.29,47.31
50056,Botorrita,574,19.81,28.98
50057,Brea de Aragón,1522,13.38,113.75
50058,Bubierca,59,29.54,2.00
50059,Bujaraloz,967,120.92,8.00
50060,Bulbuente,242,25.44,9.51
50061,Bureta,212,11.91,17.80
50062,El Burgo de Ebro,2660,24.86,107.00
50063,El Buste,64,7.61,8.41
50064,Cabañas de Ebro,487,8.53,57.09
50065,Cabolafuente,46,39.24,1.17
50066,Cadrete,4486,11.86,378.25
50067,Calatayud,19677,154.25,127.57
50068,Calatorao,2889,48.15,60.00
50069,Calcena,75,64.74,1.16
50070,Calmarza,58,28.15,2.06
50071,Campillo de Aragón,119,36.86,3.23
50072,Carenas,186,31.22,5.96
50073,Cariñena,3397,82.51,41.17
50074,Caspe,10336,503.15,20.54
50075,Castejón de Alarba,89,17.56,5.07
50076,Castejón de las Armas,86,16.18,5.32
50077,Castejón de Valdejasa,202,110.11,1.83
50078,Castiliscar,217,40.68,5.33
50079,Cervera de la Cañada,272,29.22,9.31
50080,Cerveruela,37,23.49,1.58
50081,Cetina,564,78.76,7.16
50082,Cimballa,87,31.95,2.72
50083,Cinco Olivas,104,2.25,46.22
50084,Clarés de Ribota,74,18,4.11
50085,Codo,213,11.36,18.75
50086,Codos,228,62.69,3.64
50087,Contamina,38,14.02,2.71
50088,Cosuenda,335,31.68,10.57
50089,Cuarte de Huerva,14701,8.95,1642.57
50090,Cubel,148,58.62,2.52
50091,Las Cuerlas,41,32.58,1.26
50092,Chiprana,531,38.98,13.62
50093,Chodes,94,15.97,5.89
50094,Daroca,1957,52.05,37.60
50095,Ejea de los Caballeros,17135,609.92,28.09
50096,Embid de Ariza,31,41.26,0.75
50098,Encinacorba,183,36.74,4.98
50099,Épila,4494,194.32,23.13
50100,Erla,363,18.96,19.15
50101,Escatrón,1174,94.64,12.40
50102,Fabara,1065,101.63,10.48
50104,Farlete,408,104.12,3.92
50105,Fayón,422,67.19,6.28
50106,Los Fayos,128,3.88,32.99
50107,Figueruelas,1250,16.99,73.57
50108,Fombuena,57,26.37,2.16
50109,El Frago,126,33.76,3.73
50110,El Frasno,363,48.64,7.46
50111,Fréscano,200,18.41,10.86
50113,Fuendejalón,756,75.83,9.97
50114,Fuendetodos,150,62,2.42
50115,Fuentes de Ebro,4626,141.73,32.64
50116,Fuentes de Jiloca,219,27.35,8.01
50117,Gallocanta,123,29.71,4.14
50118,Gallur,2576,41.71,61.76
50119,Gelsa,996,72.04,13.83
50120,Godojos,61,16.77,3.64
50121,Gotor,307,15.52,19.78
50122,Grisel,93,14.51,6.41
50123,Grisén,646,4.75,136.00
50124,Herrera de los Navarros,502,105.01,4.78
50125,Ibdes,378,56.31,6.71
50126,Illueca,2711,24.86,109.05
50128,Isuerre,33,20.05,1.65
50129,Jaraba,281,42.81,6.56
50130,Jarque de Moncayo,399,43,9.28
50131,Jaulín,291,46.05,6.32
50132,La Joyosa,1152,6.52,176.69
50133,Lagata,111,23.65,4.69
50134,Langa del Castillo,115,50.13,2.29
50135,Layana,96,3.69,26.02
50136,Lécera,616,109,5.65
50137,Leciñena,1103,178.59,6.18
50138,Lechón,46,17.46,2.63
50139,Letux,337,30.15,11.18
50140,Litago,196,15,13.07
50141,Lituénigo,123,11.38,10.81
50142,Lobera de Onsella,26,32.18,0.81
50143,Longares,852,45.96,18.54
50144,Longás,44,49.23,0.89
50146,Lucena de Jalón,234,10.31,22.70
50147,Luceni,990,27.08,36.56
50148,Luesia,335,126.83,2.64
50149,Luesma,39,29,1.34
50150,Lumpiaque,848,29.55,28.70
50151,Luna,680,308.92,2.20
50152,Maella,2100,174.88,12.01
50153,Magallón,1110,78.61,14.12
50154,Mainar,176,34.02,5.17
50155,Malanquilla,79,36.63,2.16
50156,Maleján,268,0.08,3350.00
50157,Malón,431,5.66,76.15
50159,Maluenda,902,40.09,22.50
50160,Mallén,2939,37.42,78.54
50161,Manchones,99,26.83,3.69
50162,Mara,163,21.09,7.73
50163,María de Huerva,6335,108.09,58.61
50164,Mediana de Aragón,441,90.57,4.87
50165,Mequinenza,2272,307.45,7.39
50166,Mesones de Isuela,260,48.55,5.36
50167,Mezalocha,224,60.64,3.69
50168,Mianos,26,14.82,1.75
50169,Miedes de Aragón,425,55.38,7.67
50170,Monegrillo,384,183.16,2.10
50171,Moneva,124,61,2.03
50172,Monreal de Ariza,175,62.06,2.82
50173,Monterde,160,55.94,2.86
50174,Montón,87,17.59,4.95
50175,Morata de Jalón,1058,45.87,23.07
50176,Morata de Jiloca,251,23.09,10.87
50177,Morés,304,21.46,14.17
50178,Moros,285,53,5.38
50179,Moyuela,241,42.76,5.64
50180,Mozota,129,8.68,14.86
50181,Muel,1450,79.17,18.32
50182,La Muela,6416,143.49,44.71
50183,Munébrega,369,40.99,9.00
50184,Murero,106,18.25,5.81
50185,Murillo de Gállego,203,54.71,3.71
50186,Navardún,38,24,1.58
50187,Nigüella,60,30.42,1.97
50188,Nombrevilla,37,17.56,2.11
50189,Nonaspe,1025,111.45,9.20
50190,Novallas,846,11,76.91
50191,Novillas,509,25.28,20.13
50192,Nuévalos,317,41.84,7.58
50193,Nuez de Ebro,912,8.21,111.08
50194,Olvés,102,20.18,5.05
50195,Orcajo,59,28.45,2.07
50196,Orera,103,19.82,5.20
50197,Orés,91,54.52,1.67
50198,Oseja,47,12,3.92
50199,Osera de Ebro,400,24.56,16.29
50200,Paniza,594,47.31,12.56
50201,Paracuellos de Jiloca,584,32,18.25
50202,Paracuellos de la Ribera,115,14.95,7.69
50203,Pastriz,1316,16.52,79.66
50204,Pedrola,3667,113.74,32.24
50205,Las Pedrosas,99,18.26,5.42
50206,Perdiguera,552,109.77,5.03
50207,Piedratajada,89,22.66,3.93
50208,Pina de Ebro,2456,309.17,7.94
50209,Pinseque,4342,16.09,269.86
50210,Los Pintanos,40,79.64,0.50
50211,Plasencia de Jalón,353,34.77,10.15
50212,Pleitas,34,2.14,15.89
50213,Plenas,105,37.95,2.77
50214,Pomer,26,33.11,0.79
50215,Pozuel de Ariza,23,22.63,1.02
50216,Pozuelo de Aragón,257,32.11,8.00
50217,Pradilla de Ebro,558,25.45,21.93
50218,Puebla de Albortón,131,76.31,1.72
50219,La Puebla de Alfindén,6414,17.03,376.63
50220,Puendeluna,44,9.88,4.45
50221,Purujosa,30,35.43,0.85
50222,Quinto,1869,118.26,15.80
50223,Remolinos,1010,18.51,54.57
50224,Retascón,71,25.16,2.82
50225,Ricla,2987,90.67,32.94
50227,Romanos,149,19.53,7.63
50228,Rueda de Jalón,323,107.37,3.01
50229,Ruesca,70,11.63,6.02
50230,Sádaba,1263,129.55,9.75
50231,Salillas de Jalón,351,2.51,139.84
50232,Salvatierra de Esca,204,81.24,2.51
50233,Samper del Salz,92,11.49,8.01
50234,San Martín de la Virgen de Moncayo,271,5.42,50.00
50235,San Mateo de Gállego,3441,71.62,48.05
50236,Santa Cruz de Grío,97,19.51,4.97
50237,Santa Cruz de Moncayo,126,3.97,31.74
50238,Santa Eulalia de Gállego,94,29.58,3.18
50239,Santed,67,17.81,3.76
50240,Sástago,1088,300.98,3.61
50241,Sabiñán,673,15.52,43.36
50242,Sediles,108,11.71,9.22
50243,Sestrica,341,40.88,8.34
50244,Sierra de Luna,271,43.39,6.25
50245,Sigüés,70,101.77,0.69
50246,Sisamón,44,41.55,1.06
50247,Sobradiel,1116,12.06,92.54
50248,Sos del Rey Católico,583,216.62,2.69
50249,Tabuenca,315,85.72,3.67
50250,Talamantes,84,46.94,1.79
50251,Tarazona,10720,244.01,43.93
50252,Tauste,6828,405.23,16.85
50253,Terrer,550,33.75,16.30
50254,Tierga,174,66.13,2.63
50255,Tobed,201,32.39,6.21
50256,Torralba de los Frailes,72,59.19,1.22
50257,Torralba de Ribota,176,32.51,5.41
50258,Torralbilla,43,25.86,1.66
50259,Torrehermosa,73,21.13,3.45
50260,Torrelapaja,32,15.68,2.04
50261,Torrellas,237,2.53,93.68
50262,Torres de Berrellén,1498,53.81,27.84
50263,Torrijo de la Cañada,201,74.57,2.70
50264,Tosos,163,68.65,2.37
50265,Trasmoz,83,18.26,4.55
50266,Trasobares,123,71.76,1.71
50267,Uncastillo,625,230.87,2.71
50268,Undués de Lerda,52,42.99,1.21
50269,Urrea de Jalón,438,25.64,17.08
50270,Urriés,49,37.27,1.31
50271,Used,269,85.29,3.15
50272,Utebo,18955,17.72,1069.70
50273,Valdehorna,32,7.95,4.03
50274,Val de San Martín,62,25.66,2.42
50275,Valmadrid,126,50.57,2.49
50276,Valpalmas,136,39.79,3.42
50277,Valtorres,72,3.29,21.88
50278,Velilla de Ebro,202,59.79,3.38
50279,Velilla de Jiloca,67,10,6.70
50280,Vera de Moncayo,315,27.66,11.39
50281,Vierlas,85,2.67,31.84
50282,La Vilueña,63,8.61,7.32
50283,Villadoz,82,17.18,4.77
50284,Villafeliche,146,22,6.64
50285,Villafranca de Ebro,840,63.64,13.20
50286,Villalba de Perejil,91,13.33,6.83
50287,Villalengua,289,40.16,7.20
50288,Villanueva de Gállego,4806,75.99,63.25
50289,Villanueva de Jiloca,69,7.34,9.40
50290,Villanueva de Huerva,385,75.99,5.07
50291,Villar de los Navarros,148,49,3.02
50292,Villarreal de Huerva,278,27.13,10.25
50293,Villarroya de la Sierra,430,91,4.73
50294,Villarroya del Campo,71,16.94,4.19
50295,Vistabella,51,21.82,2.34
50296,La Zaida,439,17.27,25.42
50297,Zaragoza,682513,973.78,700.89
50298,Zuera,8677,332.25,26.12
50901,Biel,167,130.73,1.28
50902,Marracos,87,16.92,5.14
50903,Villamayor de Gállego,2866,89.36,32.07
