year,cp,name,menor,mayor,population
2024,50001,Abanto,2.5,42.0,81
2024,50002,Acered,7.1,36.9,141
2024,50003,Agón,3.8,36.1,133
2024,50004,Aguarón,7.7,27.0,596
2024,50005,Aguilón,3.7,42.9,273
2024,50006,Ainzón,10.0,27.0,1044
2024,50007,Aladrén,1.6,32.3,62
2024,50008,Alagón,14.4,19.5,7424
2024,50009,Alarba,2.2,44.1,93
2024,50010,Alberite de San Juan,6.0,33.7,83
2024,50011,Albeta,9.9,26.1,142
2024,50012,Alborge,7.8,27.5,102
2024,50013,Alcalá de Ebro,8.6,28.0,243
2024,50014,Alcalá de Moncayo,8.4,31.8,154
2024,50015,Alconchel de Ariza,5.1,36.7,79
2024,50016,Aldehuela de Liestos,0.0,36.7,49
2024,50017,Alfajarín,16.5,19.5,2407
2024,50018,Alfamén,15.7,18.4,1480
2024,50019,Alforque,0.0,37.7,61
2024,50020,Alhama de Aragón,9.9,26.8,925
2024,50021,Almochuel,0.0,54.5,22
2024,50022,La Almolda,7.4,36.8,544
2024,50023,Almonacid de la Cuba,5.1,34.6,234
2024,50024,Almonacid de la Sierra,12.9,26.6,757
2024,50025,La Almunia de Doña Godina,15.9,16.6,7955
2024,50026,Alpartir,12.7,22.5,592
2024,50027,Ambel,8.7,35.0,254
2024,50028,Anento,1.8,21.4,112
2024,50029,Aniñón,10.0,32.4,679
2024,50030,Añón de Moncayo,10.4,41.0,222
2024,50031,Aranda de Moncayo,2.6,42.6,115
2024,50032,Arándiga,8.3,34.0,265
2024,50033,Ardisa,0.0,48.7,76
2024,50034,Ariza,12.8,28.1,1082
2024,50035,Artieda,5.8,33.7,86
2024,50036,Asín,6.7,44.4,90
2024,50037,Atea,1.5,35.6,135
2024,50038,Ateca,8.7,29.1,1727
2024,50039,Azuara,6.1,29.8,540
2024,50040,Badules,2.4,36.6,82
2024,50041,Bagüés,10.5,31.6,19
2024,50042,Balconchán,0.0,57.9,19
2024,50043,Bárboles,9.5,26.7,285
2024,50044,Bardallur,6.2,37.9,227
2024,50045,Belchite,9.4,30.6,1512
2024,50046,Belmonte de Gracián,4.4,39.4,180
2024,50047,Berdejo,2.6,42.1,38
2024,50048,Berrueco,0.0,45.5,33
2024,50050,Bijuesca,2.1,21.3,94
2024,50051,Biota,7.5,32.1,839
2024,50052,Bisimbre,3.3,38.5,91
2024,50053,Boquiñeni,9.2,32.2,760
2024,50054,Bordalba,0.0,53.2,47
2024,50055,Borja,15.8,20.4,5155
2024,50056,Botorrita,14.3,21.3,582
2024,50057,Brea de Aragón,9.5,30.6,1512
2024,50058,Bubierca,1.8,35.1,57
2024,50059,Bujaraloz,12.2,23.9,959
2024,50060,Bulbuente,9.2,24.3,239
2024,50061,Bureta,6.7,41.3,208
2024,50062,El Burgo de Ebro,15.9,17.9,2744
2024,50063,El Buste,3.4,42.4,59
2024,50064,Cabañas de Ebro,9.3,32.6,475
2024,50065,Cabolafuente,0.0,43.1,51
2024,50066,Cadrete,18.3,12.0,4649
2024,50067,Calatayud,13.7,21.2,19834
2024,50068,Calatorao,15.0,21.9,2870
2024,50069,Calcena,1.4,41.7,72
2024,50070,Calmarza,10.3,41.4,58
2024,50071,Campillo de Aragón,1.8,38.1,113
2024,50072,Carenas,0.6,40.4,166
2024,50073,Cariñena,15.2,19.8,3503
2024,50074,Caspe,17.3,19.5,10369
2024,50075,Castejón de Alarba,1.3,36.7,79
2024,50076,Castejón de las Armas,0.0,38.9,90
2024,50077,Castejón de Valdejasa,4.5,38.4,198
2024,50078,Castiliscar,5.1,46.3,214
2024,50079,Cervera de la Cañada,9.2,34.2,260
2024,50080,Cerveruela,2.7,35.1,37
2024,50081,Cetina,9.9,26.7,554
2024,50082,Cimballa,7.4,35.8,81
2024,50083,Cinco Olivas,5.0,34.0,100
2024,50084,Clarés de Ribota,2.8,34.7,72
2024,50085,Codo,5.5,34.8,201
2024,50086,Codos,11.7,30.0,230
2024,50087,Contamina,6.1,54.5,33
2024,50088,Cosuenda,9.4,33.0,330
2024,50089,Cuarte de Huerva,24.3,7.5,15064
2024,50090,Cubel,9.8,37.8,143
2024,50091,Las Cuerlas,0.0,43.9,41
2024,50092,Chiprana,13.1,17.0,511
2024,50093,Chodes,6.9,31.4,102
2024,50094,Daroca,12.2,24.9,1927
2024,50095,Ejea de los Caballeros,14.5,20.7,17100
2024,50096,Embid de Ariza,3.4,51.7,29
2024,50098,Encinacorba,4.3,39.7,184
2024,50099,Épila,17.6,18.8,4537
2024,50100,Erla,11.3,33.6,372
2024,50101,Escatrón,13.9,26.9,1171
2024,50102,Fabara,11.2,29.2,1044
2024,50104,Farlete,5.3,37.6,394
2024,50105,Fayón,14.0,28.3,428
2024,50106,Los Fayos,6.7,40.3,134
2024,50107,Figueruelas,12.0,20.7,1273
2024,50108,Fombuena,0.0,30.9,55
2024,50109,El Frago,11.9,29.1,134
2024,50110,El Frasno,3.8,34.2,366
2024,50111,Fréscano,8.7,29.7,195
2024,50113,Fuendejalón,10.2,28.4,786
2024,50114,Fuendetodos,4.9,32.2,143
2024,50115,Fuentes de Ebro,15.1,19.8,4656
2024,50116,Fuentes de Jiloca,5.2,41.4,210
2024,50117,Gallocanta,7.7,34.6,130
2024,50118,Gallur,11.9,26.1,2602
2024,50119,Gelsa,10.0,31.5,988
2024,50120,Godojos,7.4,31.5,54
2024,50121,Gotor,6.1,29.9,314
2024,50122,Grisel,12.5,24.0,96
2024,50123,Grisén,14.2,19.8,626
2024,50124,Herrera de los Navarros,9.1,27.0,503
2024,50125,Ibdes,7.7,33.6,375
2024,50126,Illueca,9.2,25.0,2721
2024,50128,Isuerre,6.7,46.7,30
2024,50129,Jaraba,15.3,21.0,295
2024,50130,Jarque de Moncayo,8.1,26.6,384
2024,50131,Jaulín,8.2,35.2,293
2024,50132,La Joyosa,19.1,13.7,1132
2024,50133,Lagata,5.2,39.1,115
2024,50134,Langa del Castillo,4.5,50.9,110
2024,50135,Layana,6.1,31.6,98
2024,50136,Lécera,7.9,34.4,598
2024,50137,Leciñena,10.9,34.1,1091
2024,50138,Lechón,0.0,36.4,44
2024,50139,Letux,3.9,38.0,355
2024,50140,Litago,4.7,35.4,192
2024,50141,Lituénigo,10.5,32.3,124
2024,50142,Lobera de Onsella,0.0,48.1,27
2024,50143,Longares,10.3,22.3,822
2024,50144,Longás,0.0,42.2,45
2024,50146,Lucena de Jalón,12.4,29.6,226
2024,50147,Luceni,13.0,24.9,1003
2024,50148,Luesia,6.5,33.9,339
2024,50149,Luesma,0.0,39.0,41
2024,50150,Lumpiaque,13.2,28.0,868
2024,50151,Luna,7.4,33.2,677
2024,50152,Maella,14.4,25.8,2068
2024,50153,Magallón,11.3,28.5,1093
2024,50154,Mainar,7.6,28.7,171
2024,50155,Malanquilla,2.7,31.5,73
2024,50156,Maleján,12.6,25.5,278
2024,50157,Malón,15.4,24.3,441
2024,50159,Maluenda,10.6,26.4,915
2024,50160,Mallén,13.3,21.6,3041
2024,50161,Manchones,5.2,45.4,97
2024,50162,Mara,9.1,26.8,164
2024,50163,María de Huerva,24.1,8.3,6489
2024,50164,Mediana de Aragón,11.0,24.8,456
2024,50165,Mequinenza,12.6,24.5,2233
2024,50166,Mesones de Isuela,6.0,39.1,266
2024,50167,Mezalocha,4.3,39.1,207
2024,50168,Mianos,0.0,39.3,28
2024,50169,Miedes de Aragón,8.2,29.7,404
2024,50170,Monegrillo,5.9,36.4,376
2024,50171,Moneva,7.5,34.2,120
2024,50172,Monreal de Ariza,2.9,39.5,172
2024,50173,Monterde,2.6,40.9,154
2024,50174,Montón,6.3,44.2,95
2024,50175,Morata de Jalón,8.7,30.9,1086
2024,50176,Morata de Jiloca,6.8,29.3,249
2024,50177,Morés,7.5,36.4,305
2024,50178,Moros,1.5,38.3,269
2024,50179,Moyuela,0.0,47.1,227
2024,50180,Mozota,10.8,33.8,130
2024,50181,Muel,13.9,21.6,1491
2024,50182,La Muela,20.6,10.1,6569
2024,50183,Munébrega,6.8,28.5,368
2024,50184,Murero,2.2,37.0,92
2024,50185,Murillo de Gállego,8.3,22.1,204
2024,50186,Navardún,0.0,36.8,38
2024,50187,Nigüella,0.0,48.4,62
2024,50188,Nombrevilla,5.1,38.5,39
2024,50189,Nonaspe,12.8,27.1,1017
2024,50190,Novallas,12.9,24.6,861
2024,50191,Novillas,6.0,34.9,502
2024,50192,Nuévalos,11.6,24.2,310
2024,50193,Nuez de Ebro,15.6,20.3,906
2024,50194,Olvés,8.9,36.6,112
2024,50195,Orcajo,1.7,44.1,59
2024,50196,Orera,4.0,32.7,101
2024,50197,Orés,2.7,36.5,74
2024,50198,Oseja,0.0,38.6,44
2024,50199,Osera de Ebro,11.0,26.1,429
2024,50200,Paniza,9.9,30.7,574
2024,50201,Paracuellos de Jiloca,10.4,23.2,613
2024,50202,Paracuellos de la Ribera,0.0,44.6,112
2024,50203,Pastriz,12.8,21.0,1314
2024,50204,Pedrola,15.1,18.7,3757
2024,50205,Las Pedrosas,8.0,30.1,113
2024,50206,Perdiguera,9.8,23.0,543
2024,50207,Piedratajada,1.0,46.4,97
2024,50208,Pina de Ebro,14.1,20.2,2445
2024,50209,Pinseque,18.8,13.7,4541
2024,50210,Los Pintanos,0.0,59.0,39
2024,50211,Plasencia de Jalón,12.1,24.7,381
2024,50212,Pleitas,13.3,33.3,30
2024,50213,Plenas,7.1,44.2,113
2024,50214,Pomer,0.0,33.3,24
2024,50215,Pozuel de Ariza,20.8,37.5,24
2024,50216,Pozuelo de Aragón,6.4,33.7,249
2024,50217,Pradilla de Ebro,8.5,27.6,565
2024,50218,Puebla de Albortón,3.6,32.1,137
2024,50219,La Puebla de Alfindén,20.4,9.9,6518
2024,50220,Puendeluna,0.0,42.9,42
2024,50221,Purujosa,0.0,27.6,29
2024,50222,Quinto,13.0,26.0,1880
2024,50223,Remolinos,8.7,31.4,1024
2024,50224,Retascón,6.8,30.1,73
2024,50225,Ricla,11.1,16.1,2998
2024,50227,Romanos,7.6,45.1,144
2024,50228,Rueda de Jalón,12.9,29.1,326
2024,50229,Ruesca,8.7,14.5,69
2024,50230,Sádaba,8.4,28.5,1268
2024,50231,Salillas de Jalón,14.1,24.7,361
2024,50232,Salvatierra de Esca,15.5,25.4,193
2024,50233,Samper del Salz,7.3,41.5,82
2024,50234,San Martín de la Virgen de Moncayo,12.4,31.4,274
2024,50235,San Mateo de Gállego,15.4,18.9,3417
2024,50236,Santa Cruz de Grío,5.8,33.7,104
2024,50237,Santa Cruz de Moncayo,11.3,26.6,124
2024,50238,Santa Eulalia de Gállego,8.9,39.6,101
2024,50239,Santed,1.4,43.7,71
2024,50240,Sástago,12.6,32.6,1093
2024,50241,Sabiñán,10.4,32.3,690
2024,50242,Sediles,9.8,37.5,112
2024,50243,Sestrica,3.2,32.1,340
2024,50244,Sierra de Luna,11.3,29.2,257
2024,50245,Sigüés,9.9,35.2,71
2024,50246,Sisamón,2.1,44.7,47
2024,50247,Sobradiel,16.4,19.7,1137
2024,50248,Sos del Rey Católico,9.9,34.0,586
2024,50249,Tabuenca,5.1,38.3,311
2024,50250,Talamantes,12.2,28.0,82
2024,50251,Tarazona,14.1,22.6,10766
2024,50252,Tauste,12.9,23.5,6785
2024,50253,Terrer,10.1,26.7,577
2024,50254,Tierga,3.4,31.1,177
2024,50255,Tobed,7.1,36.7,196
2024,50256,Torralba de los Frailes,4.4,51.5,68
2024,50257,Torralba de Ribota,1.8,38.5,169
2024,50258,Torralbilla,0.0,43.6,39
2024,50259,Torrehermosa,5.1,34.6,78
2024,50260,Torrelapaja,0.0,51.7,29
2024,50261,Torrellas,10.0,30.7,231
2024,50262,Torres de Berrellén,14.0,22.3,1504
2024,50263,Torrijo de la Cañada,4.7,42.0,193
2024,50264,Tosos,8.0,32.4,176
2024,50265,Trasmoz,10.8,30.1,83
2024,50266,Trasobares,4.1,43.4,122
2024,50267,Uncastillo,5.5,36.4,615
2024,50268,Undués de Lerda,12.7,10.9,55
2024,50269,Urrea de Jalón,14.6,24.3,437
2024,50270,Urriés,6.1,46.9,49
2024,50271,Used,4.9,39.2,263
2024,50272,Utebo,17.3,14.6,18984
2024,50273,Valdehorna,0.0,29.0,31
2024,50274,Val de San Martín,1.7,40.7,59
2024,50275,Valmadrid,4.7,39.4,127
2024,50276,Valpalmas,0.8,41.7,127
2024,50277,Valtorres,14.5,25.0,76
2024,50278,Velilla de Ebro,10.7,30.7,205
2024,50279,Velilla de Jiloca,5.3,26.3,76
2024,50280,Vera de Moncayo,4.7,39.9,316
2024,50281,Vierlas,12.2,23.3,90
2024,50282,La Vilueña,11.9,40.7,59
2024,50283,Villadoz,16.0,28.4,81
2024,50284,Villafeliche,7.1,32.7,156
2024,50285,Villafranca de Ebro,12.1,21.4,833
2024,50286,Villalba de Perejil,11.9,36.9,84
2024,50287,Villalengua,7.6,33.6,289
2024,50288,Villanueva de Gállego,15.0,17.1,4809
2024,50289,Villanueva de Jiloca,4.3,42.0,69
2024,50290,Villanueva de Huerva,5.5,30.6,379
2024,50291,Villar de los Navarros,8.9,33.8,157
2024,50292,Villarreal de Huerva,13.9,18.7,267
2024,50293,Villarroya de la Sierra,4.9,40.8,412
2024,50294,Villarroya del Campo,5.9,42.6,68
2024,50295,Vistabella,0.0,49.0,51
2024,50296,La Zaida,8.6,32.9,431
2024,50297,Zaragoza,14.0,22.4,691037
2024,50298,Zuera,16.6,16.7,8635
2024,50901,Biel,3.5,36.5,170
2024,50902,Marracos,3.5,37.6,85
2024,50903,Villamayor de Gállego,12.6,22.4,2852
