year,cp,name,population
2025,50001,Abanto,78
2025,50002,Acered,131
2025,50003,Agón,135
2025,50004,Aguarón,602
2025,50005,Aguilón,265
2025,50006,Ainzón,1036
2025,50007,Aladrén,62
2025,50008,Alagón,7532
2025,50009,Alarba,91
2025,50010,Alberite de San Juan,79
2025,50011,Albeta,138
2025,50012,Alborge,104
2025,50013,Alcalá de Ebro,244
2025,50014,Alcalá de Moncayo,147
2025,50015,Alconchel de Ariza,79
2025,50016,Aldehuela de Liestos,48
2025,50017,Alfajarín,2423
2025,50018,Alfamén,1470
2025,50019,Alforque,57
2025,50020,Alhama de Aragón,917
2025,50021,Almochuel,22
2025,50022,La Almolda,521
2025,50023,Almonacid de la Cuba,220
2025,50024,Almonacid de la Sierra,756
2025,50025,La Almunia de Doña Godina,8080
2025,50026,Alpartir,599
2025,50027,Ambel,253
2025,50028,Anento,117
2025,50029,Aniñón,678
2025,50030,Añón de Moncayo,207
2025,50031,Aranda de Moncayo,112
2025,50032,Arándiga,279
2025,50033,Ardisa,73
2025,50034,Ariza,1096
2025,50035,Artieda,90
2025,50036,Asín,88
2025,50037,Atea,142
2025,50038,Ateca,1785
2025,50039,Azuara,548
2025,50040,Badules,83
2025,50041,Bagüés,16
2025,50042,Balconchán,19
2025,50043,Bárboles,277
2025,50044,Bardallur,242
2025,50045,Belchite,1495
2025,50046,Belmonte de Gracián,183
2025,50047,Berdejo,40
2025,50048,Berrueco,32
2025,50050,Bijuesca,93
2025,50051,Biota,832
2025,50052,Bisimbre,98
2025,50053,Boquiñeni,743
2025,50054,Bordalba,47
2025,50055,Borja,5202
2025,50056,Botorrita,587
2025,50057,Brea de Aragón,1517
2025,50058,Bubierca,66
2025,50059,Bujaraloz,938
2025,50060,Bulbuente,250
2025,50061,Bureta,210
2025,50062,El Burgo de Ebro,2750
2025,50063,El Buste,60
2025,50064,Cabañas de Ebro,473
2025,50065,Cabolafuente,50
2025,50066,Cadrete,4688
2025,50067,Calatayud,20158
2025,50068,Calatorao,2970
2025,50069,Calcena,65
2025,50070,Calmarza,57
2025,50071,Campillo de Aragón,111
2025,50072,Carenas,169
2025,50073,Cariñena,3530
2025,50074,Caspe,10365
2025,50075,Castejón de Alarba,75
2025,50076,Castejón de las Armas,87
2025,50077,Castejón de Valdejasa,188
2025,50078,Castiliscar,219
2025,50079,Cervera de la Cañada,263
2025,50080,Cerveruela,38
2025,50081,Cetina,534
2025,50082,Cimballa,70
2025,50083,Cinco Olivas,97
2025,50084,Clarés de Ribota,73
2025,50085,Codo,204
2025,50086,Codos,237
2025,50087,Contamina,34
2025,50088,Cosuenda,344
2025,50089,Cuarte de Huerva,15408
2025,50090,Cubel,145
2025,50091,Las Cuerlas,44
2025,50092,Chiprana,496
2025,50093,Chodes,98
2025,50094,Daroca,1899
2025,50095,Ejea de los Caballeros,17129
2025,50096,Embid de Ariza,28
2025,50098,Encinacorba,176
2025,50099,Épila,4704
2025,50100,Erla,374
2025,50101,Escatrón,1189
2025,50102,Fabara,1063
2025,50104,Farlete,372
2025,50105,Fayón,448
2025,50106,Los Fayos,135
2025,50107,Figueruelas,1303
2025,50108,Fombuena,59
2025,50109,El Frago,129
2025,50110,El Frasno,370
2025,50111,Fréscano,196
2025,50113,Fuendejalón,774
2025,50114,Fuendetodos,130
2025,50115,Fuentes de Ebro,4659
2025,50116,Fuentes de Jiloca,209
2025,50117,Gallocanta,128
2025,50118,Gallur,2642
2025,50119,Gelsa,996
2025,50120,Godojos,55
2025,50121,Gotor,309
2025,50122,Grisel,101
2025,50123,Grisén,630
2025,50124,Herrera de los Navarros,495
2025,50125,Ibdes,351
2025,50126,Illueca,2782
2025,50128,Isuerre,32
2025,50129,Jaraba,294
2025,50130,Jarque de Moncayo,373
2025,50131,Jaulín,305
2025,50132,La Joyosa,1156
2025,50133,Lagata,113
2025,50134,Langa del Castillo,110
2025,50135,Layana,95
2025,50136,Lécera,578
2025,50137,Leciñena,1087
2025,50138,Lechón,39
2025,50139,Letux,349
2025,50140,Litago,173
2025,50141,Lituénigo,123
2025,50142,Lobera de Onsella,28
2025,50143,Longares,802
2025,50144,Longás,45
2025,50146,Lucena de Jalón,223
2025,50147,Luceni,1003
2025,50148,Luesia,332
2025,50149,Luesma,42
2025,50150,Lumpiaque,889
2025,50151,Luna,674
2025,50152,Maella,2158
2025,50153,Magallón,1108
2025,50154,Mainar,162
2025,50155,Malanquilla,71
2025,50156,Maleján,282
2025,50157,Malón,474
2025,50159,Maluenda,895
2025,50160,Mallén,2951
2025,50161,Manchones,91
2025,50162,Mara,161
2025,50163,María de Huerva,6558
2025,50164,Mediana de Aragón,469
2025,50165,Mequinenza,2236
2025,50166,Mesones de Isuela,270
2025,50167,Mezalocha,197
2025,50168,Mianos,25
2025,50169,Miedes de Aragón,408
2025,50170,Monegrillo,378
2025,50171,Moneva,107
2025,50172,Monreal de Ariza,175
2025,50173,Monterde,143
2025,50174,Montón,89
2025,50175,Morata de Jalón,1100
2025,50176,Morata de Jiloca,285
2025,50177,Morés,303
2025,50178,Moros,274
2025,50179,Moyuela,221
2025,50180,Mozota,130
2025,50181,Muel,1540
2025,50182,La Muela,6737
2025,50183,Munébrega,351
2025,50184,Murero,85
2025,50185,Murillo de Gállego,194
2025,50186,Navardún,35
2025,50187,Nigüella,58
2025,50188,Nombrevilla,40
2025,50189,Nonaspe,997
2025,50190,Novallas,859
2025,50191,Novillas,508
2025,50192,Nuévalos,318
2025,50193,Nuez de Ebro,886
2025,50194,Olvés,107
2025,50195,Orcajo,65
2025,50196,Orera,103
2025,50197,Orés,72
2025,50198,Oseja,43
2025,50199,Osera de Ebro,442
2025,50200,Paniza,574
2025,50201,Paracuellos de Jiloca,610
2025,50202,Paracuellos de la Ribera,111
2025,50203,Pastriz,1316
2025,50204,Pedrola,3842
2025,50205,Las Pedrosas,118
2025,50206,Perdiguera,559
2025,50207,Piedratajada,96
2025,50208,Pina de Ebro,2478
2025,50209,Pinseque,4601
2025,50210,Los Pintanos,37
2025,50211,Plasencia de Jalón,378
2025,50212,Pleitas,29
2025,50213,Plenas,110
2025,50214,Pomer,23
2025,50215,Pozuel de Ariza,15
2025,50216,Pozuelo de Aragón,247
2025,50217,Pradilla de Ebro,553
2025,50218,Puebla de Albortón,133
2025,50219,La Puebla de Alfindén,6550
2025,50220,Puendeluna,42
2025,50221,Purujosa,29
2025,50222,Quinto,1882
2025,50223,Remolinos,1018
2025,50224,Retascón,77
2025,50225,Ricla,3019
2025,50227,Romanos,140
2025,50228,Rueda de Jalón,325
2025,50229,Ruesca,69
2025,50230,Sádaba,1278
2025,50231,Salillas de Jalón,372
2025,50232,Salvatierra de Esca,187
2025,50233,Samper del Salz,79
2025,50234,San Martín de la Virgen de Moncayo,266
2025,50235,San Mateo de Gállego,3489
2025,50236,Santa Cruz de Grío,95
2025,50237,Santa Cruz de Moncayo,123
2025,50238,Santa Eulalia de Gállego,101
2025,50239,Santed,72
2025,50240,Sástago,1067
2025,50241,Sabiñán,697
2025,50242,Sediles,109
2025,50243,Sestrica,329
2025,50244,Sierra de Luna,269
2025,50245,Sigüés,72
2025,50246,Sisamón,50
2025,50247,Sobradiel,1110
2025,50248,Sos del Rey Católico,582
2025,50249,Tabuenca,305
2025,50250,Talamantes,68
2025,50251,Tarazona,10873
2025,50252,Tauste,6838
2025,50253,Terrer,580
2025,50254,Tierga,170
2025,50255,Tobed,196
2025,50256,Torralba de los Frailes,65
2025,50257,Torralba de Ribota,157
2025,50258,Torralbilla,38
2025,50259,Torrehermosa,69
2025,50260,Torrelapaja,30
2025,50261,Torrellas,249
2025,50262,Torres de Berrellén,1515
2025,50263,Torrijo de la Cañada,187
2025,50264,Tosos,176
2025,50265,Trasmoz,88
2025,50266,Trasobares,124
2025,50267,Uncastillo,594
2025,50268,Undués de Lerda,60
2025,50269,Urrea de Jalón,434
2025,50270,Urriés,50
2025,50271,Used,250
2025,50272,Utebo,19116
2025,50273,Valdehorna,29
2025,50274,Val de San Martín,55
2025,50275,Valmadrid,112
2025,50276,Valpalmas,122
2025,50277,Valtorres,65
2025,50278,Velilla de Ebro,208
2025,50279,Velilla de Jiloca,90
2025,50280,Vera de Moncayo,317
2025,50281,Vierlas,88
2025,50282,La Vilueña,59
2025,50283,Villadoz,80
2025,50284,Villafeliche,163
2025,50285,Villafranca de Ebro,828
2025,50286,Villalba de Perejil,86
2025,50287,Villalengua,295
2025,50288,Villanueva de Gállego,4852
2025,50289,Villanueva de Jiloca,73
2025,50290,Villanueva de Huerva,360
2025,50291,Villar de los Navarros,147
2025,50292,Villarreal de Huerva,270
2025,50293,Villarroya de la Sierra,397
2025,50294,Villarroya del Campo,70
2025,50295,Vistabella,51
2025,50296,La Zaida,433
2025,50297,Zaragoza,693091
2025,50298,Zuera,8766
2025,50901,Biel,166
2025,50902,Marracos,82
2025,50903,Villamayor de Gállego,2841
