year,saldo,nacidos,fallecidos,provisional
1975,553,2794,2241,0
1976,765,2806,2041,0
1977,911,2790,1879,0
1978,785,2703,1918,0
1979,699,2609,1910,0
1980,748,2687,1939,0
1981,483,2327,1844,0
1982,539,2304,1765,0
1983,-20,2107,2127,0
1984,-115,2039,2154,0
1985,-210,1986,2196,0
1986,-240,1949,2189,0
1987,-295,1832,2127,0
1988,-419,1721,2140,0
1989,-424,1675,2099,0
1990,-434,1641,2075,0
1991,-474,1679,2153,0
1992,-284,1721,2005,0
1993,-621,1493,2114,0
1994,-612,1647,2259,0
1995,-785,1569,2354,0
1996,-909,1603,2512,0
1997,-840,1556,2396,0
1998,-890,1552,2442,0
1999,-982,1589,2571,0
2000,-776,1573,2349,0
2001,-764,1648,2412,0
2002,-870,1623,2493,0
2003,-887,1652,2539,0
2004,-603,1840,2443,0
2005,-782,1801,2583,0
2006,-537,1898,2435,0
2007,-446,1944,2390,0
2008,-333,2141,2474,0
2009,-406,2072,2478,0
2010,-500,1995,2495,0
2011,-548,1929,2477,0
2012,-660,1899,2559,0
2013,-518,1921,2439,0
2014,-780,1733,2513,0
2015,-856,1870,2726,0
2016,-803,1721,2524,0
2017,-867,1723,2590,0
2018,-927,1651,2578,0
2019,-811,1580,2391,0
2020,-1402,1486,2888,0
2021,-950,1573,2523,0
2022,-1225,1509,2734,0
2023,-1023,1400,2423,0
2024,-960,1504,2464,0
2025,-902,1446,2348,1
